Kode Produk,Nama Produk,Varian,Diharapkan,Terhitung
,STELLA TROPICAL AEROSOL CAN 250 ML*,,100,100
11747234191,DOLPHIN GARAM MEJA 500 GR,,100,100
16,FYPcsFAX PPR ROLL,,100,100
17,LAKBAN BLACK DMR 1,,100,100
18,LAKBAN GT KECIL,,100,100
2,BERAS 10KG BMW,,100,100
21,JOYKO DOUBLE TAPE 1/2,,100,100
22,JOYKO DOUBLE TAPE 1,,100,100
24,ISOLASI 1X72 DMR,,100,100
2465110000000,KEKESET ANYAM,,100,100
25,SPIDOL KECIL BLACK,,100,100
26,SPIDOL KECIL RED,,100,100
27,SPIDOL KECIL BLUE,,100,100
28,LAP LANTAI PUTIH,,100,100
29,LAP LANTAI LAVENDER,,100,100
3086120000000,BIC 1 ORANGE HC 1S,,100,100
3086130000000,BIC 2 ORANGE HC 1S,,100,100
31,SAPU LIDI,,100,100
32,SAPU LIDI GG,,100,100
33,SAPU AREN,,100,100
37,BATRAI ABC KECIL,,100,100
38,BATRAI ABC BESAR,,100,100
39,AQUA GALON 19L,,100,100
4,BPcsCLIPS NO 260,,100,100
40,KOREK TOKAI,,100,100
4007820000000,STAEDTLER PENGHAPUS KCL,,100,100
4800320000000,SENSODYNE GEL 100GR,,100,100
4800360000000,NESTLE KOKO CRUNCH 330GR,,100,100
4800360000000,MILO BALL 170GR,,100,100
4800890000000,VASELINE MEN FACE WASH A DULLNESS 5,,100,100
4800890000000,VASELINE MEN HEALTHY WHITE FW 100GR,,100,100
4902430000000,VICKS INHALER,,100,100
4902430000000,HEAD&SHOULDERS SHP COOL MENTHOL 70M,,100,100
4902430000000,HEAD&SHOULDERS SHP ANTI HAIRFALL 70,,100,100
4902430000000,HEAD&SHOULDERS SHP SMOTH & SILKY 70,,100,100
4902430000000,GILLETTE BLUE 3 ICE 4S,,100,100
4902430000000,HEAD&SHOULDERS SHP ITCHY SCALP 75ML,,100,100
4902430000000,GILLETTE BLUE 3 COLLECTION  2S,,100,100
4902430000000,HEAD&SHOULDERS SHP COOL BLAST 70ML,,100,100
4902430000000,GILLETTE MACH 3 COLLECTION 1S,,100,100
4902870000000,MAX STAPLER HDPcs10 MAGENTA,,100,100
4902870000000,MAX STAPLER HDPcs10 YELLOW,,100,100
4968310000000,SEMIR KIWI BESAR 45ML,,100,100
4968310000000,"SEMIR KIWI KECIL 17,5ML 14GR",,100,100
4970130000000,SNOWMAN SPIDOL BLCK G12,,100,100
4970130000000,SNOWMAN SPIDOL RED G12,,100,100
4970130000000,SNOWMAN SPIDOL BLUE G12,,100,100
4970130000000,SNOWMAN SPIDOL BLACK BGPcs12,,100,100
4970130000000,SNOWMAN SPIDOL RED BGPcs12,,100,100
4970130000000,SNOWMAN SPIDOL BLUE BGPcs12,,100,100
4970430000000,ETONA NO.10 STEPLES,,100,100
4987180000000,VICKS VAPORUB 50,,100,100
5,BPcsCLIPS NO 200,,100,100
6931010000000,PEN TOSHIRO,,100,100
6931030000000,TRIFELO POST IT,,100,100
712000000000,ABC KACANG HIJAU SLIM 250 ML,,100,100
7620000000000,BELVITA MILK & CEREAL 80GR,,100,100
7620000000000,OREO ICE CREAM BLUEBERRY 137 GR,,100,100
711844000000,ABC KECAP MANIS TANGGUNG 275ML,,100,100
7118440000000,ABC KECAP MANIS REFILL 520 ML,,100,100
711844000000,ABC BLACK GOLD KECAP MANIS BOTTLE 2,,100,100
711844000000,ABC SAMBAL BOTOL  135 ML,,100,100
711844000000,ABC SAMBAL STICK 10GR,,100,100
711844000000,ABC SAMBAL ASLI 20G,,100,100
711844000000,ABC SAMBAL EXTRA PEDAS SACHET,,100,100
711844000000,ABC TOMAT BOTTLE 140 ML,,100,100
711844000000,ABC JUICE SIRSAK 250ML,,100,100
711844000000,ABC KACANG HIJAU SLIM 250 ML,,100,100
711844000000,ABC SARDEN SAUS TMT 155GR,,100,100
711844000000,MAYA SARDEN TOM SC80G,,100,100
711844000000,ABC SARDEN KLG 425GR,,100,100
76164217,MARLBORO RED,,100,100
7622210000000,BELVITA MILK & CEREAL 80GR,,100,100
7622300000000,OREO STRAWBERRY CREME 137GR,,100,100
7622300000000,KRAF KEJU CAKE,,100,100
7622300000000,OREO ICE CREAM BLUEBERRY 137 GR,,100,100
76239878,MARLBORO GOLD,,100,100
7702020000000,GILLETTE BLUE 3 4S,,100,100
7702020000000,GILLETTE MACH 3 TURBO SEN RAZOR 1S,,100,100
8,SWALLOW SANDAL JEPIT,,100,100
8850000000000,MAMY POKO PANTS GIRL  XXXL 24S,,100,100
8890000000000,AQUA WATER BOTTLE 330 ML,,100,100
8890000000000,GOOD TIME CLASSIC CHOCOCHIPS 80GR,,100,100
8990000000000,TANGO WAFER CHOCO 176 GR,,100,100
8990000000000,MONY CINCAU CAN 300 ML`,,100,100
8990000000000,KAPAL API SPECIAL 165 GR,,100,100
8990000000000,LAURIER ACTIVE DAY SUPER MAXI 30S,,100,100
8990000000000,BENDERA SUSU KENTAL MANIS CHOCO 375,,100,100
8990000000000,COCA COLA PET 390 ML`,,100,100
8990000000000,ADEM SARI CHING KU CAN 320 ML,,100,100
8990000000000,TEH ZEGAR 330 ML,,100,100
8990000000000,HONEY STAR CUP 32GR,,100,100
8990000000000,FATIGON HYDRO ORIGINAL 250 ML,,100,100
8990000000000,TONGTJI CELUP BLACK 25X2GR,,100,100
8990000000000,RICHEESE NBT WAFER CHEESE CRM,,100,100
8990000000000,CHARM BODY FIT EXTRA MAXI WING 20S,,100,100
8990000000000,Sania Myk Grg 2lt,,100,100
8990000000000,LUWAK WHITE KOFFIE 10X20GR,,100,100
9000000000000,GULAKU TEBU KUNING 1KG,,100,100
9000000000000,LARUTAN PENYEGAR KAKI TIGA BTL 200M,,100,100
9000000000000,SOSRO TEH BOTOL KOTAK TP 250ML`,,100,100
9000000000000,PIATTOS RASA SAPI PANGGANG BAG 85GR,,100,100
9000000000000,PUCUK HARUM LESS SUGAR PET 350M,,100,100
9000000000000,YOU C 1000 LEMON 140 ML`,,100,100
9000000000000,POCARI SWEAT CAN 330ML`,,100,100
9000000000000,ULTRA SARI ASEM  250 ML`,,100,100
9000000000000,Fortune Myk Grg 2lt,,100,100
9000000000000,JAVANA TEH MELATI BOTTLE 350 ML,,100,100
9000000000000,LARUTAN PENYEGAR CAP BADAK MELONCAN,,100,100
8851110000000,MAMY POKO PANTS BOYS XXXL 24S,,100,100
8851110000000,MAMY POKO PANTS GIRL  XXXL 24S,,100,100
8886000000000,ASTOR DOUBLE CHOCOLATE 40GR,,100,100
8886000000000,BENG BENG COKLAT,,100,100
8886000000000,KIS MINT BARLEY 125GR,,100,100
8886010000000,CAP BOTOL TEH HIJAU 40G,,100,100
8886010000000,CAP BOTOL TEH BIRU 40G,,100,100
8886010000000,SOSRO TEH CELUP 30X2GR,,100,100
8886010000000,POCI TEH CELUP ASLI 25'S,,100,100
8886010000000,AQUA WATER BOTTLE  600 ML,,100,100
8886010000000,AQUA WATER BOOTLE 1.5LTR,,100,100
8886010000000,AQUA WATER BOTTLE 330 ML,,100,100
8886010000000,DAHLIA TOILET BALL KPcs33 250GR,,100,100
8886010000000,DAHLIA NAPTH WARNA K330 300GR,,100,100
8886020000000,GOOD TIME CLASSIC CHOCOCHIPS 80GR,,100,100
8886020000000,TIM TAM WAFER 80GR,,100,100
8886020000000,TIM TAM WFR COKLT 95GR,,100,100
8886030000000,YURI HAND SOAP POUCH 375 ML** LEMON,,100,100
8886030000000,YURI FOAM HS PREMIUM AB PUMP 410ML,,100,100
8886030000000,YURI FOAM HS PREMIUM AB PUMP 410ML,,100,100
8886030000000,YURI FOAM HS PREMIUM AB PUMP 410ML,,100,100
8886030000000,YURI FOAM HS PREMIUM AB POUCH 375ML,,100,100
8886030000000,YURI FOAM HS PREMIUM AB POUCH 375ML,,100,100
8886030000000,YURI FOAM HS PREMIUM AB POUCH 375ML,,100,100
8886060000000,KRATINGDAENG BTL 150ML,,100,100
8887550000000,BATRAI PANASONIC AAA,,100,100
8888170000000,KG MALKIST ABON 135G,,100,100
89686000016,3 AYAM MIE TELOR 210GR MERAH,,100,100
89686000061,3 AYAM MIE TELOR 210GR KUNING,,100,100
89686010015,INDOMIE AYAM BAWANG 69GR,,100,100
89686010343,INDOMIE SOTO MIE 70GR,,100,100
89686010527,INDOMIE KARI AYAM 72GR,,100,100
89686010947,INDOMIE GORENG 85GR,,100,100
89686045017,INDOMIE REAL MEAT RENDANG 110GR,,100,100
89686060027,POP MIE AYAM 75GR,,100,100
89686060126,POP MIE BASO CUP 75GR,,100,100
89686060362,POP MIE SOTO AYAM 75GR,,100,100
89686060461,POP MIE KARI AYAM 75GR,,100,100
89686590036,CHIKI BALL KEJU 10,,100,100
89686590135,CHIKI BALL KALDU AYAM 10,,100,100
89686591231,CHIKI BALL COKELAT 10,,100,100
89686596236,LAYS CLASSIC 35GR`,,100,100
89686596540,LAYS FIESTA BARBEQUE 35GR`,,100,100
89686598025,CHITATO SAPI PANGGANG 35GR,,100,100
89686598421,CHITATO AYAM BUMBU 35 GR,,100,100
89686600513,CHEETOS NET BBQ 10,,100,100
89686604443,JETZ STICK CHOCO FIESTA 12`,,100,100
89686910704,INDOMIE GORENG RENDANG 91 GR,,100,100
8990800000000,MENTOS ROLL,,100,100
8991000000000,SILVER QUEEN 33 G,,100,100
8991000000000,SILVER QUEEN 75GR,,100,100
8991000000000,SELAMAT WFR COCO 18GR,,100,100
8991000000000,GOOD DAY ORIGINAL SAC,,100,100
8991000000000,KAPAL API KRIMER KAFE 500G,,100,100
8991000000000,KAPAL API SPECIAL 165 GR,,100,100
8991000000000,KAPAL API SPECIAL MIX 10 X 25 GR,,100,100
8991000000000,GOOD DAY MOCACINO 250ML,,100,100
8991000000000,RELAXA BAG 125GR**LEMON FUNZ,,100,100
8991000000000,RELAXA BAG 140GR** BARLEY,,100,100
8991000000000,RELAXA BAG 140GR** GRAPE,,100,100
8991000000000,KAPAL API CANDY COFS0018 50 S,,100,100
8991000000000,ALKOHOL 70 100,,100,100
8991040000000,SELECTION 50 GR`,,100,100
8991100000000,FORMULA TB DOUBLE ACTION Pcs S,,100,100
8991100000000,FORMULA TB TRENDY Pcs M,,100,100
8991100000000,FORMULA TB SYSTEM Pcs S,,100,100
8991100000000,FORMULA TB DIAMOND Pcs S,,100,100
8991100000000,FORMULA TB ZAP Pcs M,,100,100
8991100000000,FORMULA TB CONFIDENT CURVE,,100,100
8991100000000,FORMULA TB ZIGZAG,,100,100
8991100000000,TEH GELAS BOTLE 350ML,,100,100
8991100000000,TANGO WAFER CHOCO 176 GR,,100,100
8991100000000,TANGO WAFER CHOCOLATE 76GR,,100,100
8991100000000,TANGO WAFER VANILA 76GR,,100,100
8991100000000,TANGO WAFER STRAWBERRY 76GR,,100,100
8991100000000,TANGO WAFER CHOCOLATE 114/145GR,,100,100
8991110000000,LISTERINE MOUTH WASH VANILLA MINT 2,,100,100
8991110000000,LISTERINE GREEN TEA 250ML,,100,100
8991190000000,SASA 250GR,,100,100
8991230000000,MONY CINCAU CAN 300 ML`,,100,100
8991390000000,AMPLOP 90PPS,,100,100
8991390000000,AMPLOP 104PPS,,100,100
8991390000000,BOLA DUNIA F4 80,,100,100
8991390000000,BOLA DUNIA A4 80,,100,100
8991690000000,SWALLOW GB AGAR 7G NETRAL,,100,100
8991690000000,SWALLOW GB AGAR 7G MERAH,,100,100
8991690000000,SWALLOW GB AGAR 7G HIJAU,,100,100
8991690000000,SWALLOW GB AGAR 7G COKLAT,,100,100
8991690000000,SWALLOW GB AGAR 7G ORANGE,,100,100
8991770000000,VITACIMIN STRIP ISI 2,,100,100
8991910000000,DJARUM SUPER 12,,100,100
8991910000000,LA LIGHT MERAH,,100,100
8991990000000,SENSODYNE FRESH MINT 100 GR,,100,100
8992110000000,NEOZEP TABLET,,100,100
8992110000000,DECOLGEN,,100,100
8992220000000,GATSBY TISSUE ISI 5LEMBAR,,100,100
8992220000000,GATSBY STYLING WAX BRITISH,,100,100
8992220000000,GATSBY STYLING WAX ULTIMATESHAGGY 7,,100,100
8992390000000,ABC MIE CUP GRG SPC,,100,100
8992630000000,PALMIA MARGARIN 200GR,,100,100
8992700000000,SENSODYNE GENTLE WHITENING 100GR,,100,100
8992700000000,FOX PASSION MINTS BAG 90GR,,100,100
8992700000000,FOXS FRUITS CRYSTAL BAG 90GR,,100,100
8992700000000,NESTLE CARNATION 370G,,100,100
8992700000000,KOKO KRUNCH COMBO CUP,,100,100
8992700000000,MILO CEREAL COMBO PACK 2016 GR X 40,,100,100
8992700000000,HONEY STAR CUP 32GR,,100,100
8992700000000,INDOMILK SUSU CAIR CHOCO BTL 190ML,,100,100
8992700000000,INDOMILK SUSU CAIR STRAWBERRY 190ML,,100,100
8992720000000,BISKUAT BOLU COKLAT,,100,100
8992730000000,LISTERINE 250 ML** ORIGINAL,,100,100
8992730000000,LISTERINE 250 ML** COOL MINT,,100,100
8992730000000,LISTERINE 250 ML** FRESH,,100,100
8992730000000,LISTERINE TEETHGUM DEFENSE 250 ML,,100,100
8992730000000,LISTERINE MOUTHWASH CITRUS 250ML,,100,100
8992730000000,BIORE BODY FOAM ANTISEPTIC REFILL 2,,100,100
8992730000000,BIORE BODY FOAM PURE MILD POUCH 450,,100,100
8992730000000,BIORE BODY FOAM RELAXING AROMATIC 4,,100,100
8992730000000,LAURIER ACTIVE DAY SUPER MAXI 30S,,100,100
8992730000000,BIORE BODY FOAM LIVELY REFRESH 250,,100,100
8992730000000,BIORE BODY FOAM HYGIENIC COOL POUCH,,100,100
8992730000000,BIORE BODY FOAM BRIGHT CARE REFILL,,100,100
8992730000000,BIORE MENS FACIAL FOAM WHITE ENERGY,,100,100
8992730000000,BIORE MENS FF ACNE DEFENSE 40GR,,100,100
8992740000000,BAMBOE BUMBU INSTANT GULE,,100,100
8992740000000,BAMBOE BUMBU INSTANT OPOR,,100,100
8992740000000,BAMBOE BUMBU INSTANT RENDANG,,100,100
8992740000000,BAMBOE BUMBU INSTANT SOTO AYAM,,100,100
8992740000000,BAMBOE BUMBU INSTANT NASI GORENG,,100,100
8992740000000,BAMBOE BUMBU INSTANT SEMUR,,100,100
8992740000000,BAMBOE BUMBU INSTANT BUMBU BALADO,,100,100
8992740000000,SASA TB PISANG GORENG 8G,,100,100
8992740000000,SASA TEPUNG GORENG PISANG 225GR,,100,100
8992740000000,SASA TP BAKWAN SPECIAL 250GR,,100,100
8992740000000,SASA TB BAKWAN 80G,,100,100
8992740000000,SASA TEPUNG BUMBU ORIGINAL 250GR,,100,100
8992740000000,SASA TB ORIGINAL 80G,,100,100
8992740000000,SASA TB ORIENTAL 80G,,100,100
8992740000000,SASA TB HOT & SIPCY 80G,,100,100
8992740000000,SASA TB AYAM KENTUCHKY 80G,,100,100
8992740000000,SASA TEPUNG BUMBU KENTUCHKY 900GR,,100,100
8992750000000,HIT AEROSOL GREEN TEA 600ML,,100,100
8992750000000,HIT AEROSOL ORANGE 600 ML,,100,100
8992750000000,HIT LEMON AEROSOL 600ML,,100,100
8992750000000,HIT AEROSOL LILY BLOSSOM 600ML,,100,100
8992750000000,STELLA AEROSOL LEMON 400ML,,100,100
8992750000000,STELLA A THERAFY 400 ML JASMINE,,100,100
8992750000000,STELLA A THERAPY APPLE 400ML,,100,100
8992750000000,STELLA AEROSOL ORANGE 400ML,,100,100
8992750000000,STELLA TP AR CAN 250ML APPLE,,100,100
8992750000000,STELLA TP AR CAN 250ML JASMINE,,100,100
8992750000000,STELLA TP AR CAN 250ML LEMON,,100,100
8992750000000,STELLA TP AR CAN 250ML ORANGE,,100,100
8992750000000,STELLA MATIC REFILL 225 ML FRS CLN,,100,100
8992750000000,STELLA MATIC REFILL 225 GR LEMON,,100,100
8992750000000,STELLA MATIC ORANGE REFILL 225 ML,,100,100
8992750000000,STELLA MATIC WILD FLOWER REFILL 225,,100,100
8992750000000,STELLA AC 80 GR** TROPICAL ORANGE,,100,100
8992750000000,STELLA AC 80 GR** LEMON,,100,100
8992750000000,STELLA MATIC GREEN REFILL 225ML,,100,100
8992750000000,HIT AEROSOL POMEGRANATE 600ML,,100,100
8992750000000,VIT BOTTLE WATER 600 ML`,,100,100
8992750000000,MIZONE ACTIVE BTL 500ML,,100,100
8992750000000,MIZONE APPLE GUAVA 500ML,,100,100
8992750000000,MIZONE ORANGE LEMON 500ML,,100,100
8992750000000,MIZONE LYCHEE LEMON 500ML,,100,100
8992750000000,AQUA KIDS BOYS BTL 330ML,,100,100
8992750000000,FRISIAN FLAG GOLD PUNCH 220GR,,100,100
8992750000000,FRISIAN FLAG SACHET KENTAL MANIS 6S,,100,100
8992750000000,BENDERA SKM PUTIH GOLD  375,,100,100
8992750000000,BENDERA KENTAL MANIS CAN  375,,100,100
8992750000000,BENDERA SUSU KENTAL MANIS CHOCO 375,,100,100
8992750000000,FRISIAN FLAG SACHET COKELAT 6S,,100,100
8992760000000,NICE TRAVEL 60S,,100,100
8992760000000,JOLLY KILOAN 600GR,,100,100
8992760000000,JOLLY TISSUE EMB10S,,100,100
8992760000000,NICE SOFT PACK 250S,,100,100
8992760000000,TOPLY 50SHT,,100,100
8992760000000,OREO DOUBLE D LIGHT 137 GR,,100,100
8992760000000,COCA COLA PET 390 ML`,,100,100
8992760000000,SPRITE PET 390 ML`,,100,100
8992760000000,FANTA STRAWBERRY 390 ML`,,100,100
8992760000000,COCA COLA CAN 330 ML,,100,100
8992760000000,FANTA STRAWBERRY CAN 330 ML,,100,100
8992760000000,SCHWEPPES AIR SODA 330ML,,100,100
8992760000000,COCACOLA ZERO 330ML,,100,100
8992760000000,MINUTE MAID NUTRIBOOST ORANGE 300ML,,100,100
8992760000000,MINUTE MAID NUTRIBOOST STW 300M,,100,100
8992760000000,MINUTE MAID PULPY TROPICAL PET 350M,,100,100
8992760000000,MINUTE MAID PULPY ALOEVERA 350ML,,100,100
8992770000000,AJINOMOTO 250 GR,,100,100
8992770000000,SAJIKU TEPUNG BUMBU 250 GR,,100,100
8992770000000,SAORI SAUS TIRAM BOTOL 270 ML,,100,100
8992770000000,SAORI SAUS TERIYAKI BOTOL 275ML,,100,100
8992770000000,COOLANT 350ML,,100,100
8992770000000,COOLANT STAR FRUIT 350ML,,100,100
8992770000000,ADEM SARI 350ML,,100,100
8992770000000,ADEM SARI CHING KU CAN 320 ML,,100,100
8992780000000,GLADE 2 IN 1 ROOM FRESHNER WILD LV,,100,100
8992780000000,GLADE 2 IN 1 ROOM FRESHNER LEMON 40,,100,100
8992780000000,GLADE 2 IN 1 ROOM FRESHNER ORANGE 4,,100,100
8992780000000,2 TANG BTL WATER 380ML`,,100,100
8992780000000,2 TANG ZESTEA 500ML,,100,100
8992780000000,TEH ZEGAR 330 ML,,100,100
8992780000000,"2 TANG BTL WATER 1,5LTR",,100,100
8992800000000,BISOLVON TABLET,,100,100
8992820000000,ROHTO COOL 7ML,,100,100
8992830000000,FILMA MG BTL 1LT,,100,100
8992830000000,KUNCI MAS GERIGEN 5LT,,100,100
8992840000000,BETADINE 30ML,,100,100
8992840000000,BETADINE 60ML,,100,100
8992840000000,BETADINE M WASH 190,,100,100
8992860000000,CEREBROVIT XCEL,,100,100
8992860000000,FATIGON HYDRO ORIGINAL 250 ML,,100,100
8992860000000,PROMAG GAZERO,,100,100
8992860000000,ENTROSTOP 4'S,,100,100
8992860000000,PROMAG TABLET,,100,100
8992860000000,XONCE STRIP ISI 2,,100,100
8992870000000,SALONPAS KOYO,,100,100
8992910000000,SARI ROTI TAWAR SPECIAL,,100,100
8992910000000,SARI ROTI ISI COKLAT,,100,100
8992910000000,SARI ROTI KRIM COKLAT,,100,100
8992910000000,SARI ROTI KRIM MOKA,,100,100
8992910000000,SARI ROTI SOBEK COKLAT,,100,100
8992910000000,SARI ROTI SOBEK COKLAT KEJU,,100,100
8992910000000,SARI ROTI SOBEK COKLAT SARIKAYA,,100,100
8992910000000,SARI ROTI ISI COKLAT KEJU,,100,100
8992910000000,SARI ROTI KRIM KEJU,,100,100
8992910000000,SARI ROTI SANDWICH COKLAT,,100,100
8992910000000,SARI ROTI SANDWICH KEJU,,100,100
8992910000000,SARI ROTI SANDWICH KACANG,,100,100
8992930000000,NUTRIJELL JELLYPWDR STRWBERRY 15GR,,100,100
8992930000000,NUTRIJELL JELLY POWDER PLAIN 15GR,,100,100
8992930000000,LA PASTA CHESE BOLOGNESE 57GR,,100,100
8992930000000,LA PASTA BARBEQUE 57GR,,100,100
8992940000000,TONGTJI CELUP BLACK 25X2GR,,100,100
8992950000000,Shinzui Soap 90Gr Reguler,,100,100
8992950000000,Shinzui Soap 90 Gr Kirey,,100,100
8992950000000,SHINZUI BODY CLEAN REF MYORI 200ML,,100,100
8992950000000,SHINZUI BODY CLEAN REF SAKURA 200ML,,100,100
8992950000000,MAYA SARDEN CABE 425GR,,100,100
8992980000000,LADA PUTIH BUNGA 85GR,,100,100
8992980000000,LADA PUTIH BUBUK KOEPOEPcsKOEPOE 85GR,,100,100
8992990000000,MAYA SARDEN 155GR,,100,100
8993010000000,INDOMILK SKM PUTIH SACHET 120 N  40,,100,100
8993010000000,INDOMILK SKM COKLAT SACHET 120 N  4,,100,100
8993050000000,LIVI FACIAL 600SHT,,100,100
8993050000000,LVPcsPOP UP,,100,100
8993050000000,LVPcsNAPKIN COCTAIL,,100,100
8993050000000,LVPcsMFOLD TOWEL,,100,100
8993060000000,BINTANG 7 MASUK ANGIN,,100,100
8993090000000,SAGU GUNUNG 500GR,,100,100
8993090000000,ROSE BRAND MINYK GORENG 5LT,,100,100
8993090000000,SAGU TANI,,100,100
8993120000000,BERAS MAKNYUS 5KG,,100,100
8993180000000,NABATI KEJU,,100,100
8993180000000,AHH TRIPLE CHEES 500,,100,100
8993180000000,RICHEESE NBT WAFER CHEESE CRM,,100,100
8993190000000,MAMY POKO PANTS STANDART L 30S,,100,100
8993190000000,CHARM BODY FIT EXTRA MAXI WING 10S`,,100,100
8993190000000,CHARM BODY FIT EXTRA MAXI WING 20S,,100,100
8993190000000,MAMY POKO PANTS STANDART XXL 6S`,,100,100
8993190000000,MAMY POKO PANTS STD M 30S,,100,100
8993190000000,CHARM BODY FIT US WING NIGHT 10S,,100,100
8993240000000,PAPER ONE A4 70 GREEN,,100,100
8993240000000,PAPER ONE A4 80 BLUE,,100,100
8993240000000,PAPER ONE F4 80 BLUE,,100,100
8993240000000,PAPER ONE F4 70 GREEN,,100,100
8993300000000,BOGASARI LENCANA MERAH ECO 1 KG,,100,100
8993300000000,BOGASARI CAKRA KEMBAR PREMIUM 1KG,,100,100
8993340000000,KOYO CABE PLASTER,,100,100
8993500000000,Sania Myk Grg 2lt,,100,100
8993500000000,SANIA MYK GRG 1LT,,100,100
8993500000000,SANIA MG BTL 1LT,,100,100
8993500000000,FORTUNE MYK GRG 1LTR,,100,100
8993560000000,DETTOL BAR SOAP FRESH 110GR BANDED,,100,100
8993560000000,DETTOL BAR SOAP COOL 110GR BANDED 5,,100,100
8993560000000,DETTOL BAR SOAP SKIN CARE 110GR BAN,,100,100
8993560000000,DETTOL BAR SOAP ORIGINAL 110GR BAND,,100,100
8993560000000,DETTOL SOAP RE ENERGIZE 5X110GR,,100,100
8993560000000,DETTOL SOAP LASTING FRESH 5X110GR`,,100,100
8993560000000,DETTOL SHOWER FOAM 250ML* FRESH,,100,100
8993560000000,DETTOL SHOWER 300 ML* SKINCARE,,100,100
8993560000000,DETTOL SHOWER FOAM PINK POUCH 250ML,,100,100
8993560000000,DETTOL RE ENERGIZE POUCH 250ML,,100,100
8993560000000,DETTOL SHOWER RADIANDE BTL 300ML,,100,100
8993560000000,DETTOL HAND SANITASER REFRESH 50 ML,,100,100
8993990000000,JOYCO TRI CLIPS NO.3,,100,100
8993990000000,JOYCO GLUE STICK 8G,,100,100
8993990000000,JOYKO JELLY HITAM PEN100NT,,100,100
8993990000000,JOYKO JELLY BIRU PEN100NT,,100,100
8993990000000,JOYKO PENCIL PPcs88,,100,100
8994080000000,MOMOGI ST KEJU 8G,,100,100
8994080000000,MOMOGI ST COKLAT8G,,100,100
8994080000000,MOMOGI ST CAPUCINO8G,,100,100
8994080000000,HSH KESET MOTIF,,100,100
8994170000000,LUWAK WHITE KOFFIE 10X20GR,,100,100
8994260000000,BPcsFILE FC,,100,100
8994400000000,LEM FOX 150GR,,100,100
8994570000000,SANGOBION LEMBAR,,100,100
8994590000000,CDR 4600ML,,100,100
8995070000000,FAX PAPER ROLL,,100,100
8995080000000,U MILD,,100,100
8995100000000,MAMASUKA TEPUNG BUMBU KRISPI 1KG,,100,100
8995100000000,SAFE CARE AROMATERAPHY,,100,100
8995160000000,GULA PASIR SUS 1KG,,100,100
8995180000000,GULAKU TEBU KUNING 1KG,,100,100
8995230000000,LARUTAN PENYEGAR KAKI TIGA BTL 200M,,100,100
8995760000000,SIDU DOUB FOLIO 10L,,100,100
8995860000000,FATIGON SPIRIT,,100,100
8995860000000,MIXAGRIP FLU & BATUK,,100,100
8995860000000,FATIGON 4'S,,100,100
8995860000000,MIXAGRIP FLU,,100,100
8996000000000,ROMA MALKIST CRAC250G,,100,100
8996000000000,ROMA MALKIST COKELAT 120GR,,100,100
8996000000000,SLAI OLAI TWICE,,100,100
8996000000000,ROMA SLAI OLAI TWICE ROLL STRWBERRY,,100,100
8996000000000,ROMA SLAI OLAI STRAWBERRY ROLL128GR,,100,100
8996000000000,SLAI OLAI NANAS,,100,100
8996000000000,ROMA SARI GANDUM PEANUT 115GR,,100,100
8996000000000,KOPIKO COFS0018 CANDY 150GR,,100,100
8996000000000,KIS MINT CHERRY 125GR,,100,100
8996000000000,KIS MINT GRAPE BAG 125GR,,100,100
8996000000000,KIS MINT APPLE PEACH 125GR,,100,100
8996000000000,KISS CHEWY MINT LEMON 97.5 GR,,100,100
8996000000000,BENG BENG WHITE,,100,100
8996000000000,ENERGEN JAGUNG 10X25GR,,100,100
8996000000000,BAKMI MEWAH AYAM ASLI 110 GR,,100,100
8996000000000,TEH PUCUK HARUM ORIGINAL 350ML,,100,100
8996000000000,TEH PUCUK HRM 480,,100,100
8996000000000,KOPIKO 78'C COFFE LATTE 240ML,,100,100
8996000000000,Q GUAVA 350ML,,100,100
8996000000000,PUCUK HARUM LESS SUGAR PET 350M,,100,100
8996000000000,LE MINERALE BTL 600ML,,100,100
8996000000000,KOPIKO 78'C CARAMEL 240ML,,100,100
8996010000000,FRUIT TEA APPLE 200 ML,,100,100
8996010000000,SOSRO TEH BOTOL KOTAK TP 250ML`,,100,100
8996010000000,FRUIT TEA STRAWBERRY 200ML,,100,100
8996010000000,FRUIT TEA GUAVA 200 ML,,100,100
8996010000000,FRUIT TEA BLACKCURRANT 200ML,,100,100
8996010000000,TEH BOTOL SOSRO 450ML,,100,100
8996010000000,SOSRO TEH BOTOL KOTAK  TP 330ML,,100,100
8996010000000,SPcsTEE BIG PACK 330ML,,100,100
8996200000000,PIATOS BARBEQUE 50GR,,100,100
8996200000000,PIATTOS RASA SAPI PANGGANG BAG 85GR,,100,100
8997010000000,YOU C 1000 LEMON 140 ML`,,100,100
8997010000000,YOU C 1000 ORANGE 140ML**`,,100,100
8997010000000,YOU C ORANGE WATER 500,,100,100
8997010000000,SUPER O2 SILVER 330ML,,100,100
8997010000000,PILKITA 700MG ISI 2 TABLET,,100,100
8997020000000,MILA TEPUNG TERIGU 1KG,,100,100
8997020000000,DORONGAN AIR NGY,,100,100
8997020000000,SIKAT NAGOYA,,100,100
8997020000000,FRESHCARE MYK AROMATHERAPY,,100,100
8997020000000,FRESHCARE MYK GREEN TEA,,100,100
8997020000000,FRESHCARE MYK LAVENDER,,100,100
8997020000000,FRESHCARE MYK  SPLASH FRUITY,,100,100
8997040000000,POCARI SWEAT CAN 330ML`,,100,100
8997040000000,POCARI SWEAT PET 350ML`,,100,100
8997210000000,MAWAR JAYA GULA PASIR 1KG,,100,100
8998010000000,ULTRA SLIM PLAIN T/P 250 ML,,100,100
8998010000000,ULTRA MILK SLIM CHOCO T/P 250 ML,,100,100
8998010000000,ULTRA MILK CHOHO 125ML,,100,100
8998010000000,ULTRA MILK PLAIN T/P 1 LT,,100,100
8998010000000,ULTRA MILK CHOCO T/P 1 LT,,100,100
8998010000000,BUAVITA GUAVA 250ML,,100,100
8998010000000,BUAVITA MANGGO 250ML,,100,100
8998010000000,ULTRA SARI ASEM  250 ML`,,100,100
8998010000000,ULTRA TEH KOTAK 200ML,,100,100
8998010000000,ULTRA SARI KACANG HIJAU 250ML,,100,100
8998230000000,Fortune Myk Grg 2lt,,100,100
8998670000000,FEMINAX,,100,100
8998670000000,KONIDIN,,100,100
8998670000000,NEO NAPACIN,,100,100
8998670000000,PARAMEX,,100,100
8998670000000,INZA 4S,,100,100
8998670000000,BRAITO TETES MATA,,100,100
8998840000000,KENKO CORRECTION PEN KEPcs01,,100,100
8998840000000,KENKO WCUTTER LPcs500,,100,100
8998840000000,KENKO HCUTTER APcs300,,100,100
8998840000000,KENKO PUNCH NO.30DL,,100,100
8998840000000,PENGGARIS BESI 30CM,,100,100
8998870000000,EMERON SHP HAIRFALL CONTROL 170 ML,,100,100
8998870000000,EMERON SHP SOFT  SMOOTH 170 ML,,100,100
8998870000000,CIPTADENT TOOTH BRUSH 3S DOUBLE ACT,,100,100
8998870000000,CIPTADENT TOOTH BRUSH MEDIUM 3S,,100,100
8998870000000,ZACT TOOTH PASTE 150 GR,,100,100
8998870000000,EMERON SHP ANTIDANDRUFF COTROL 170,,100,100
8998870000000,EMERON SHP DAMAGE CONTROL 170 ML,,100,100
8998870000000,EMERON SHP NATURE SHINE 170 ML,,100,100
8998870000000,ZINC SHP HAIR FALL TREATMENT 170ML,,100,100
8998870000000,ZINC SHP RE FRESHING COOL 170ML`,,100,100
8998870000000,ZINC SHP BLACK & SHINE 170ML,,100,100
8998870000000,SYSTEMA TP MENTHOL BREEZE 190GR,,100,100
8998870000000,SYSTEMA TP SPRING FRESH 190GR,,100,100
8998870000000,ZINC MEN SHP ACTIVE COOL 170ML,,100,100
8998870000000,ZINC MEN SHP ANTI HAIR FALL 170ML,,100,100
8998870000000,SEDAAP MIE GORENG 90 GR,,100,100
8998870000000,SEDAAP MIE WHITE CURRY 81GR,,100,100
8998870000000,FLORIDINA ORANGE JUICE 360 ML,,100,100
8998870000000,SEDAAP MINYAK GORENG 2LTR,,100,100
8998870000000,EKONOMI LEMON CREL900 540GR,,100,100
8998870000000,GIV SOAP PURPLE 85 GR,,100,100
8998870000000,NUVO REFILL POUCH 250ML* GENTLE,,100,100
8998870000000,NUVO REFILL POUCH 250ML* BALANCE,,100,100
8998870000000,NUVO REFILL POUCH 250ML* ACTIVE,,100,100
8998870000000,NUVO REFILL POUCH 250ML* GOLD,,100,100
8998870000000,SO KLIN PL LAVENDER 800M,,100,100
8998870000000,FRESH NATURAL BAR SOAP 4 X 70 GR,,100,100
8998870000000,DAIA POWDER DETERGENT WHITE,,100,100
8998870000000,SEDAAP KECAP MANIS REFILL 600 ML,,100,100
8998870000000,EKONOMI PUTIH CREAM DETERGENT900 54,,100,100
8998870000000,GIV PEARL WHITE BEAUTY BAR SOAP 80,,100,100
8998870000000,GIV SOAP MULBERRY SILK 80GR,,100,100
8998870000000,JAVANA TEH MELATI BOTTLE 350 ML,,100,100
8998870000000,DAIA SOFTERGENT VIOLET 900GR,,100,100
8998870000000,ISOPLUS BTL 350ML,,100,100
8998870000000,EKONOMI CREAM E900 540GR,,100,100
8998870000000,SO KLIN PL APPLE 800ML,,100,100
8998870000000,SO KLIN FLOOR CLEANER P 800 ML**,,100,100
8998870000000,SO KLIN PL LEMON 800ML,,100,100
8998870000000,FRESH NATURAL BAR SOAP 4 X 70 GR,,100,100
8998870000000,FRESH NATURAL BAR SOAP 4 X 70 GR,,100,100
8998870000000,GIV SOAP BROWN 85 GR,,100,100
8998890000000,MAESTRO MAYONNAISE SACHET 100GR,,100,100
8998890000000,DM TOMAT BTL 340GR,,100,100
8998890000000,DM SAMBAL BOTOL340,,100,100
8998890000000,DELMONTE CHIL EX HOT 24X9G,,100,100
8998890000000,SIKAT TORINA,,100,100
8998890000000,DORONGAN AIR NGT,,100,100
8998900000000,TOLAK ANGIN CAIR,,100,100
8998900000000,TOLAK ANGIN ANAK CAIR,,100,100
8998900000000,"KUKUBIMA ENERGI RASA ANGGUR 4,5GR",,100,100
8998900000000,"KUKUBIMA ENERGI RASA JAMBU 4,5GR",,100,100
8998900000000,"KUKUBIMA ENERGI RASA KOPI 4,5GR",,100,100
8998900000000,BAYGON AEROSOL LAVENDER 275 ML,,100,100
8998900000000,BAYGON WATERBASE AEROSOL 275ml,,100,100
8998990000000,GUDANG GARAM FILTER MERAH,,100,100
8999510000000,ZODA 250ML BTL,,100,100
8999510000000,ROOT BEER 330ML,,100,100
8999510000000,ZODA LEMON CAN 330ML,,100,100
8999510000000,ZODA STRWBERRY CAN 330ML,,100,100
8999780000000,NIVEA FOR MEN FACIAL FOAM OIL CTRL,,100,100
8999780000000,HANSAPLAST KOMPRES DEMAM,,100,100
8999780000000,HANSAPLAST SC,,100,100
8999780000000,NIVEA SOAP 100 GR* NORMAL,,100,100
8999780000000,NIVEA FOR MEN WHITE FAC FOAM OC 50M,,100,100
8999900000000,DIAMON MILK UHT FULL CREAM 1000ML,,100,100
8999900000000,DIAMOND MILK UHT FULL CREAM 200ML T,,100,100
8999900000000,DIAMOND MILK UHT CHOCO 200ML T/P,,100,100
8999900000000,DIAMOND MILK UHT STRAWBERRY 200ML T,,100,100
8999900000000,DIAMOND UHT LOW FAT HI CAL 200ML,,100,100
8999910000000,NEO RHEUMACYL 20 S,,100,100
8999910000000,NEO RHEUMACYL NEURO,,100,100
8999910000000,BODREX MIGRA,,100,100
8999910000000,HEMAVITON CAPSUL,,100,100
8999910000000,BODREX EXTRA,,100,100
8999910000000,DJI SAM SOE KRETEK 234,,100,100
8999910000000,SAMPOERNA MILD16,,100,100
8999980000000,SIKAT WC O,,100,100
8999980000000,SIKAT LION STAR,,100,100
8999990000000,SINDE LARUTAN PENYEGAR LEMON CAN,,100,100
8999990000000,LARUTAN PENYEGAR CAP BADAK MELONCAN,,100,100
8999990000000,LARUTAN PENYEGAR KLG ANGGUR 320ML,,100,100
9000000000000,LIFEBUOY BW  ACTIVEFRESH BTL 300ML,,100,100
9000000000000,LIFEBUOY BW NATURALPURE BTL 300ML,,100,100
9000000000000,LIFEBUOY BW TOTAL PROTECT BTL 300ML,,100,100
9000000000000,LIFEBUOY BW MILDCARE BTL 300ML,,100,100
9000000000000,LIFEBUOY BW NATURE PURE REFF 450ML,,100,100
9000000000000,LIFEBUOY BW TOTAL PROTECT REFF 450M,,100,100
9000000000000,LIFEBUOY BW MILD CARE REFF 450ML,,100,100
9000000000000,LIFEBUOY BW ACTIVFRESH BTL 100ML,,100,100
9000000000000,LIFEBUOY BW NATUREPURE BTL 100ML,,100,100
9000000000000,LIFEBUOY BW TOTALPROTECT BTL 100ML,,100,100
9000000000000,LIFEBUOY BW MILDCARE BTL 100ML,,100,100
9000000000000,VASELINE MEN FACIAL FOAM OIL CTRL10,,100,100
9000000000000,VASELINE INTENSIVE CARE,,100,100
9000000000000,CITRA HAND  BODY LST GLOW 120ML,,100,100
9000000000000,CITRA HAND  BODY FRESH RADIANCE 120,,100,100
9000000000000,CITRA NATURAL WHITE UV 120ML,,100,100
9000000000000,LIFEBUOY BW ORANGE REF 450ML,,100,100
9000000000000,DOVE ROLL ON ORIGINAL 40 ML,,100,100
9000000000000,CLOSE UP FIRE FREEZE 160GR,,100,100
9000000000000,CLOSE UP FIRE FREEZE 65GR,,100,100
9000000000000,PEPSODENT TP SENSITIVE EXPERT 100GR,,100,100
9000000000000,VASELINE HBL ALOE FRESH 100ML,,100,100
9000000000000,CITRA LULUR SPOTLESS WHITE BTL 220M,,100,100
9000000000000,DOVE WHITE BEAUTY BAR SEA 90GR,,100,100
9000000000000,LIFEBUOY BW LEMON FRESH BTL 300ML,,100,100
9000000000000,LIFEBUOY BW LEMON FRESH BTL 100ML,,100,100
9000000000000,LIFEBUOY BW LEMON FRESH REF 450ML,,100,100
9000000000000,DOVE DEO ULTIMATE WHITE 40ML,,100,100
9000000000000,CLEAR SHP MEN ICE COOL MNTOL 170 ML,,100,100
9000000000000,CLEAR SHP HAIRFALL DEFENS 170ML,,100,100
9000000000000,CLEAR SHP MAN HAIR FALL 170 ML,,100,100
9000000000000,PEPSODENT TP ACTION 123 190GR,,100,100
9000000000000,DOVE BW GO FRESH NOURISHING BTL 200,,100,100
9000000000000,DOVE BW GO FRESH NOURISHING POUCH 2,,100,100
9000000000000,LUX BW GREEN FRESH REF 250ML,,100,100
9000000000000,LUX TS FRESH SPLASH 85 GR,,100,100
9000000000000,PEPSODENT MOUTHWASH SENS EXPERT 150,,100,100
9000000000000,PEPSODENT MOUTHWASH WHITE NOW 150ML,,100,100
9000000000000,PEPSODENT MOUTHWASH HERBAL NAT 150M,,100,100
9000000000000,LIFEBUOY SHP HAIRFALL 70ML,,100,100
9000000000000,LIFEBUOY SHP HAIRFALL 170ML,,100,100
9000000000000,LIFEBUOY SHP STRONG SHINY 70ML,,100,100
9000000000000,LIFEBUOY SHP STRONG SHINY 170ML,,100,100
9000000000000,LIFEBUOY SHP ANTI DANDRUFF 180 ML,,100,100
9000000000000,BLUE BAND SACHT 200GR,,100,100
9000000000000,BLUE BAND SRB GN CUP 250GR,,100,100
9000000000000,ROYCO BUMBU PELEZAT R SAPI 240GR,,100,100
9000000000000,ROYCO BUMBU PELEZAT R AYAM 240GR,,100,100
9000000000000,PONDS MEN ENERGY CHARGE FACE SCRUB,,100,100
9000000000000,CLEAR MEN DEEP CLEANSE 80 ML,,100,100
9000000000000,LUX TS SOFT TOUCH 85GR,,100,100
9000000000000,LUX TS WHITE VELVET 85 GR,,100,100
9000000000000,LUX TS AQUA SPARKLE 85GR,,100,100
9000000000000,LUX TS MAGICAL SPELL 85GR,,100,100
9000000000000,LUX BW PINK SOFT REF 250ML,,100,100
9000000000000,LUX BW WHITE VELVET REF 250ML,,100,100
9000000000000,LUX BW BLUE AQUA REF250ML,,100,100
9000000000000,LUX BW PURPLE MAGIC REFF250ML,,100,100
9000000000000,VASELINE MEN SERUM SPF 30 CREAM 15G,,100,100
9000000000000,BUAVITA SIRSAK 250ML,,100,100
9000000000000,CLEAR SHP ADD SUPERFRESH APPLE 170M,,100,100
9000000000000,DOVE SHP DAILY SHINE 70ML,,100,100
9000000000000,CITRA HBL JPN WAKAME GEL LOT 120ML,,100,100
9000000000000,DOVE SHP DAILY SHINE 70ML,,100,100
9000000000000,DOVE SHP NOURISHING OIL CARE 70ML,,100,100
9000000000000,PONDS MEN FC POLLUTION OUT 100GR,,100,100
9000000000000,PONDS MEN FC POLLUTION OUT 50GR,,100,100
9000000000000,PEPSODENT TB DOUBLE CARE ULTRA SENS,,100,100
9000000000000,LUX WHITE IMPRESS 85GR,,100,100
9000000000000,LUX BW WHITE IMPRESS REFF 24X250ML,,100,100
9000000000000,CLEAR SHP HERBAL FUSION 80ML,,100,100
9000000000000,CLEAR SHAMPOO HAIRFALL DEFENS 80ML,,100,100
9000000000000,CLEAR SHAMPOO COMP SOFT CARE 80 ML,,100,100
9000000000000,CLEAR SHAMPOO ICE COOL 80 ML,,100,100
9000000000000,VASELINE INTENSV CARE ADV STRENGTH,,100,100
9000000000000,LIFEBUOY TS MILDCARE 24X(4X110G),,100,100
9000000000000,LIFEBUOY TS MILDCARE 4X60GR,,100,100
9000000000000,LIFEBUOY TS TOTAL 4X60GR,,100,100
9000000000000,REXONA RO MEN ANTIBACTERIAL 50ML,,100,100
9000000000000,SUNSILK SHP BLK SHINE SD 170ML,,100,100
9000000000000,SUNSILK SHP SOFT&SMTH SD 170ML,,100,100
9000000000000,SUNSILK HIJAB AD 170ML,,100,100
9000000000000,REXONA MEN RO ADVENTURE ID RL 50ML,,100,100
9000000000000,REXONA MEN RO ICE COOL RL 50ML,,100,100
9000000000000,REXONA MEN ROLL QUANTUM RL 50ML,,100,100
9000000000000,REXONA MEN RO SPORT DEFENCE RL 50ML,,100,100
9000000000000,REXONA MEN RO FERRARI V8 RL 50ML,,100,100
9000000000000,REXONA WMN RO FREE SPIRIT RL 50ML,,100,100
9000000000000,REXONA WMN RO NATURALS RL 50ML,,100,100
9000000000000,REXONA WMN ROLL ON POWDER DRY RL 50,,100,100
9000000000000,REXONA MEN RO INVISIBLE DRY RL 50ML,,100,100
9000000000000,PONDS MEN SUN DULLNESS FIGT ICY GEL,,100,100
9000000000000,BANGO KECAP MANIS REFILL 600 ML,,100,100
9000000000000,SARIWANGI TB ASLI 1.9GR X 25,,100,100
9000000000000,SUNLIGHT  JERK NIPIS 780ML,,100,100
9000000000000,WIPOL 800ML,,100,100
9000000000000,LUX TS WHITE IMPRESS 85GR,,100,100
9000000000000,CITRA LULUR PEARLY WHITE BTL 220ML,,100,100
9000000000000,CITRA LULUR NATURAL WHITE BTL 220ML,,100,100
9000000000000,PEPSODENT TP WHITE 75 GR,,100,100
9000000000000,PEPSODENT TP WHITE 120 GR,,100,100
9000000000000,PEPSODENT TP PLUS WHITENING190GR,,100,100
9000000000000,CLOSE UP DEEP ACTION 65G,,100,100
9000000000000,PEPSODENT TP HERBAL 120GR,,100,100
9000000000000,PEPSODENT TP HERBAL 75 GR,,100,100
9000000000000,PEPSODENT TP CENTRE FRESH 160 GR,,100,100
9000000000000,VASELINE LOT HEALTY SUN BLOCK 100ML,,100,100
9000000000000,VASELINE LOTION HEALTHY WHITE 100ML,,100,100
9000000000000,CLEAR STYLING CREAM 100 GR,,100,100
9310000000000,INDOCAFE COFS0018 MIX 10 X 20 GR,,100,100
9560000000000,NESCAFE MOCHA CAN 240ML,,100,100
9311930000000,INDOCAFE COFS0018 MIX 10 X 20 GR,,100,100
9556000000000,NESCAFE LATTE CAN 240 ML,,100,100
9556000000000,MILO ACTIGENPcsE RTD HI CAL CAN 240ML,,100,100
9556000000000,NESCAFE MOCHA CAN 240ML,,100,100
9556110000000,DETTOL SHOWER FOAM SENSITIVE SKIN 3,,100,100
9556160000000,YEOS CINCAU 300ML,,100,100
9726230000000,CLEAR COMPLATE SOFTCARE SHAMPO,,100,100
9000000000000,SARIWANGI TB ASLI 1.9GR X 25,,100,100
AMPLOPA4,AMPLOP NEURO A4,,100,100
aquagelas,AQUA GELAS 1 DUS,,100,100
HANSAPLAST,Hansaplast,,100,100
LAKBAN6500,LAKBAN BENING DMR 1,,100,100
LAKBANCOKLAT,LAKBAN COKLAT BESAR DAIMARU,,100,100
MAPKABITA,MAP KABIN,,100,100
mapkancing,MAP KANCING,,100,100
paseotravel,PASEO TRVL 50SHT,,100,100
pengkishinpo,PENGKI SHINPO,,100,100
SAPUDRAGON,SAPU DRAGON,,100,100
SIKATDRAGON,SIKAT DRAGON,,100,100
sikatsepatu,SIKAT SEPATU,,100,100
