"Kode Produk","Nama Produk",Varian,Diharapkan,Terhitung
,"STELLA TROPICAL AEROSOL CAN 250 ML*",,100.0000,
11747234191,"DOLPHIN GARAM MEJA 500 GR",,100.0000,
16,"FYPcsFAX PPR ROLL",,100.0000,
17,"LAKBAN BLACK DMR 1",,100.0000,
18,"LAKBAN GT KECIL",,100.0000,
2,"BERAS 10KG BMW",,100.0000,
21,"JOYKO DOUBLE TAPE 1/2",,100.0000,
22,"JOYKO DOUBLE TAPE 1",,100.0000,
24,"ISOLASI 1X72 DMR",,100.0000,
2465105025019,"KEKESET ANYAM",,100.0000,
25,"SPIDOL KECIL BLACK",,100.0000,
26,"SPIDOL KECIL RED",,100.0000,
27,"SPIDOL KECIL BLUE",,100.0000,
28,"LAP LANTAI PUTIH",,100.0000,
29,"LAP LANTAI LAVENDER",,100.0000,
3086123194366,"BIC 1 ORANGE HC 1S",,100.0000,
3086126676074,"BIC 2 ORANGE HC 1S",,100.0000,
31,"SAPU LIDI",,100.0000,
32,"SAPU LIDI GG",,100.0000,
33,"SAPU AREN",,100.0000,
37,"BATRAI ABC KECIL",,100.0000,
38,"BATRAI ABC BESAR",,100.0000,
39,"AQUA GALON 19L",,100.0000,
4,"BPcsCLIPS NO 260",,100.0000,
40,"KOREK TOKAI",,100.0000,
4007817524206,"STAEDTLER PENGHAPUS KCL",,100.0000,
4800318407739,"SENSODYNE GEL 100GR",,100.0000,
4800361000239,"NESTLE KOKO CRUNCH 330GR",,100.0000,
4800361002974,"MILO BALL 170GR",,100.0000,
4800888157942,"VASELINE MEN FACE WASH A DULLNESS 5",,100.0000,
4800888157966,"VASELINE MEN HEALTHY WHITE FW 100GR",,100.0000,
4902430393126,"VICKS INHALER",,100.0000,
4902430414296,"HEAD&SHOULDERS SHP COOL MENTHOL 70M",,100.0000,
4902430433082,"HEAD&SHOULDERS SHP ANTI HAIRFALL 70",,100.0000,
4902430433167,"HEAD&SHOULDERS SHP SMOTH & SILKY 70",,100.0000,
4902430440950,"GILLETTE BLUE 3 ICE 4S",,100.0000,
4902430477161,"HEAD&SHOULDERS SHP ITCHY SCALP 75ML",,100.0000,
4902430479264,"GILLETTE BLUE 3 COLLECTION  2S",,100.0000,
4902430507493,"HEAD&SHOULDERS SHP COOL BLAST 70ML",,100.0000,
4902430510455,"GILLETTE MACH 3 COLLECTION 1S",,100.0000,
4902870775698,"MAX STAPLER HDPcs10 MAGENTA",,100.0000,
4902870775704,"MAX STAPLER HDPcs10 YELLOW",,100.0000,
4968306479585,"SEMIR KIWI BESAR 45ML",,100.0000,
4968306479653,"SEMIR KIWI KECIL 17,5ML 14GR",,100.0000,
4970129726517,"SNOWMAN SPIDOL BLCK G12",,100.0000,
4970129726524,"SNOWMAN SPIDOL RED G12",,100.0000,
4970129726531,"SNOWMAN SPIDOL BLUE G12",,100.0000,
4970129727514,"SNOWMAN SPIDOL BLACK BGPcs12",,100.0000,
4970129727521,"SNOWMAN SPIDOL RED BGPcs12",,100.0000,
4970129727538,"SNOWMAN SPIDOL BLUE BGPcs12",,100.0000,
4970430100518,"ETONA NO.10 STEPLES",,100.0000,
4987176000552,"VICKS VAPORUB 50",,100.0000,
5,"BPcsCLIPS NO 200",,100.0000,
6931012327493,"PEN TOSHIRO",,100.0000,
6931034134574,"TRIFELO POST IT",,100.0000,
7.11844E+11,"ABC KACANG HIJAU SLIM 250 ML",,100.0000,
7.62221E+12,"BELVITA MILK & CEREAL 80GR",,100.0000,
7.6223E+12,"OREO ICE CREAM BLUEBERRY 137 GR",,100.0000,
711844110083,"ABC KECAP MANIS TANGGUNG 275ML",,100.0000,
7118441101378,"ABC KECAP MANIS REFILL 520 ML",,100.0000,
711844110397,"ABC BLACK GOLD KECAP MANIS BOTTLE 2",,100.0000,
711844120037,"ABC SAMBAL BOTOL  135 ML",,100.0000,
711844120310,"ABC SAMBAL STICK 10GR",,100.0000,
711844120327,"ABC SAMBAL ASLI 20G",,100.0000,
711844120365,"ABC SAMBAL EXTRA PEDAS SACHET",,100.0000,
711844130111,"ABC TOMAT BOTTLE 140 ML",,100.0000,
711844160095,"ABC JUICE SIRSAK 250ML",,100.0000,
711844162419,"ABC KACANG HIJAU SLIM 250 ML",,100.0000,
711844330009,"ABC SARDEN SAUS TMT 155GR",,100.0000,
711844330108,"MAYA SARDEN TOM SC80G",,100.0000,
711844330115,"ABC SARDEN KLG 425GR",,100.0000,
76164217,"MARLBORO RED",,100.0000,
7622210609359,"BELVITA MILK & CEREAL 80GR",,100.0000,
7622300136055,"OREO STRAWBERRY CREME 137GR",,100.0000,
7622300405588,"KRAF KEJU CAKE",,100.0000,
7622300442507,"OREO ICE CREAM BLUEBERRY 137 GR",,100.0000,
76239878,"MARLBORO GOLD",,100.0000,
7702018001538,"GILLETTE BLUE 3 4S",,100.0000,
7702018041107,"GILLETTE MACH 3 TURBO SEN RAZOR 1S",,100.0000,
8,"SWALLOW SANDAL JEPIT",,100.0000,
8.85111E+12,"MAMY POKO PANTS GIRL  XXXL 24S",,100.0000,
8.88601E+12,"AQUA WATER BOTTLE 330 ML",,100.0000,
8.88602E+12,"GOOD TIME CLASSIC CHOCOCHIPS 80GR",,100.0000,
8.9911E+12,"TANGO WAFER CHOCO 176 GR",,100.0000,
8.99123E+12,"MONY CINCAU CAN 300 ML`",,100.0000,
8.991E+12,"KAPAL API SPECIAL 165 GR",,100.0000,
8.99273E+12,"LAURIER ACTIVE DAY SUPER MAXI 30S",,100.0000,
8.99275E+12,"BENDERA SUSU KENTAL MANIS CHOCO 375",,100.0000,
8.99276E+12,"COCA COLA PET 390 ML`",,100.0000,
8.99277E+12,"ADEM SARI CHING KU CAN 320 ML",,100.0000,
8.99278E+12,"TEH ZEGAR 330 ML",,100.0000,
8.9927E+12,"HONEY STAR CUP 32GR",,100.0000,
8.99286E+12,"FATIGON HYDRO ORIGINAL 250 ML",,100.0000,
8.99294E+12,"TONGTJI CELUP BLACK 25X2GR",,100.0000,
8.99318E+12,"RICHEESE NBT WAFER CHEESE CRM",,100.0000,
8.99319E+12,"CHARM BODY FIT EXTRA MAXI WING 20S",,100.0000,
8.9935E+12,"Sania Myk Grg 2lt",,100.0000,
8.99417E+12,"LUWAK WHITE KOFFIE 10X20GR",,100.0000,
8.99518E+12,"GULAKU TEBU KUNING 1KG",,100.0000,
8.99523E+12,"LARUTAN PENYEGAR KAKI TIGA BTL 200M",,100.0000,
8.99601E+12,"SOSRO TEH BOTOL KOTAK TP 250ML`",,100.0000,
8.9962E+12,"PIATTOS RASA SAPI PANGGANG BAG 85GR",,100.0000,
8.996E+12,"PUCUK HARUM LESS SUGAR PET 350M",,100.0000,
8.99701E+12,"YOU C 1000 LEMON 140 ML`",,100.0000,
8.99704E+12,"POCARI SWEAT CAN 330ML`",,100.0000,
8.99801E+12,"ULTRA SARI ASEM  250 ML`",,100.0000,
8.99823E+12,"Fortune Myk Grg 2lt",,100.0000,
8.99887E+12,"JAVANA TEH MELATI BOTTLE 350 ML",,100.0000,
8.99999E+12,"LARUTAN PENYEGAR CAP BADAK MELONCAN",,100.0000,
8851111416097,"MAMY POKO PANTS BOYS XXXL 24S",,100.0000,
8851111416103,"MAMY POKO PANTS GIRL  XXXL 24S",,100.0000,
8886001026056,"ASTOR DOUBLE CHOCOLATE 40GR",,100.0000,
8886001038011,"BENG BENG COKLAT",,100.0000,
8886001100855,"KIS MINT BARLEY 125GR",,100.0000,
8886007811021,"CAP BOTOL TEH HIJAU 40G",,100.0000,
8886007811038,"CAP BOTOL TEH BIRU 40G",,100.0000,
8886007811076,"SOSRO TEH CELUP 30X2GR",,100.0000,
8886007811410,"POCI TEH CELUP ASLI 25'S",,100.0000,
8886008101053,"AQUA WATER BOTTLE  600 ML",,100.0000,
8886008101091,"AQUA WATER BOOTLE 1.5LTR",,100.0000,
8886008101336,"AQUA WATER BOTTLE 330 ML",,100.0000,
8886012800331,"DAHLIA TOILET BALL KPcs33 250GR",,100.0000,
8886012803301,"DAHLIA NAPTH WARNA K330 300GR",,100.0000,
8886015201111,"GOOD TIME CLASSIC CHOCOCHIPS 80GR",,100.0000,
8886015428105,"TIM TAM WAFER 80GR",,100.0000,
8886015428136,"TIM TAM WFR COKLT 95GR",,100.0000,
8886030229947,"YURI HAND SOAP POUCH 375 ML** LEMON",,100.0000,
8886030233012,"YURI FOAM HS PREMIUM AB PUMP 410ML",,100.0000,
8886030812835,"YURI FOAM HS PREMIUM AB PUMP 410ML",,100.0000,
8886030812842,"YURI FOAM HS PREMIUM AB PUMP 410ML",,100.0000,
8886030819933,"YURI FOAM HS PREMIUM AB POUCH 375ML",,100.0000,
8886030819940,"YURI FOAM HS PREMIUM AB POUCH 375ML",,100.0000,
8886030819957,"YURI FOAM HS PREMIUM AB POUCH 375ML",,100.0000,
8886057883665,"KRATINGDAENG BTL 150ML",,100.0000,
8887549092442,"BATRAI PANASONIC AAA",,100.0000,
8888166606227,"KG MALKIST ABON 135G",,100.0000,
89686000016,"3 AYAM MIE TELOR 210GR MERAH",,100.0000,
89686000061,"3 AYAM MIE TELOR 210GR KUNING",,100.0000,
89686010015,"INDOMIE AYAM BAWANG 69GR",,100.0000,
89686010343,"INDOMIE SOTO MIE 70GR",,100.0000,
89686010527,"INDOMIE KARI AYAM 72GR",,100.0000,
89686010947,"INDOMIE GORENG 85GR",,100.0000,
89686045017,"INDOMIE REAL MEAT RENDANG 110GR",,100.0000,
89686060027,"POP MIE AYAM 75GR",,100.0000,
89686060126,"POP MIE BASO CUP 75GR",,100.0000,
89686060362,"POP MIE SOTO AYAM 75GR",,100.0000,
89686060461,"POP MIE KARI AYAM 75GR",,100.0000,
89686590036,"CHIKI BALL KEJU 10",,100.0000,
89686590135,"CHIKI BALL KALDU AYAM 10",,100.0000,
89686591231,"CHIKI BALL COKELAT 10",,100.0000,
89686596236,"LAYS CLASSIC 35GR`",,100.0000,
89686596540,"LAYS FIESTA BARBEQUE 35GR`",,100.0000,
89686598025,"CHITATO SAPI PANGGANG 35GR",,100.0000,
89686598421,"CHITATO AYAM BUMBU 35 GR",,100.0000,
89686600513,"CHEETOS NET BBQ 10",,100.0000,
89686604443,"JETZ STICK CHOCO FIESTA 12`",,100.0000,
89686910704,"INDOMIE GORENG RENDANG 91 GR",,100.0000,
8990800100012,"MENTOS ROLL",,100.0000,
8991001111289,"SILVER QUEEN 33 G",,100.0000,
8991001121615,"SILVER QUEEN 75GR",,100.0000,
8991001770417,"SELAMAT WFR COCO 18GR",,100.0000,
8991002103535,"GOOD DAY ORIGINAL SAC",,100.0000,
8991002105089,"KAPAL API KRIMER KAFE 500G",,100.0000,
8991002105423,"KAPAL API SPECIAL 165 GR",,100.0000,
8991002105485,"KAPAL API SPECIAL MIX 10 X 25 GR",,100.0000,
8991002121010,"GOOD DAY MOCACINO 250ML",,100.0000,
8991002303829,"RELAXA BAG 125GR**LEMON FUNZ",,100.0000,
8991002304017,"RELAXA BAG 140GR** BARLEY",,100.0000,
8991002304413,"RELAXA BAG 140GR** GRAPE",,100.0000,
8991002307209,"KAPAL API CANDY COFS0018 50 S",,100.0000,
8991003040013,"ALKOHOL 70 100",,100.0000,
8991038110514,"SELECTION 50 GR`",,100.0000,
8991102020152,"FORMULA TB DOUBLE ACTION Pcs S",,100.0000,
8991102020473,"FORMULA TB TRENDY Pcs M",,100.0000,
8991102021234,"FORMULA TB SYSTEM Pcs S",,100.0000,
8991102022446,"FORMULA TB DIAMOND Pcs S",,100.0000,
8991102023139,"FORMULA TB ZAP Pcs M",,100.0000,
8991102024099,"FORMULA TB CONFIDENT CURVE",,100.0000,
8991102024150,"FORMULA TB ZIGZAG",,100.0000,
8991102228121,"TEH GELAS BOTLE 350ML",,100.0000,
8991102300421,"TANGO WAFER CHOCO 176 GR",,100.0000,
8991102302609,"TANGO WAFER CHOCOLATE 76GR",,100.0000,
8991102302708,"TANGO WAFER VANILA 76GR",,100.0000,
8991102303200,"TANGO WAFER STRAWBERRY 76GR",,100.0000,
8991102384841,"TANGO WAFER CHOCOLATE 114/145GR",,100.0000,
8991111152011,"LISTERINE MOUTH WASH VANILLA MINT 2",,100.0000,
8991111152080,"LISTERINE GREEN TEA 250ML",,100.0000,
8991188943062,"SASA 250GR",,100.0000,
8991234416816,"MONY CINCAU CAN 300 ML`",,100.0000,
8991389247013,"AMPLOP 90PPS",,100.0000,
8991389247037,"AMPLOP 104PPS",,100.0000,
8991389295113,"BOLA DUNIA F4 80",,100.0000,
8991389295120,"BOLA DUNIA A4 80",,100.0000,
8991689168001,"SWALLOW GB AGAR 7G NETRAL",,100.0000,
8991689168018,"SWALLOW GB AGAR 7G MERAH",,100.0000,
8991689168025,"SWALLOW GB AGAR 7G HIJAU",,100.0000,
8991689168032,"SWALLOW GB AGAR 7G COKLAT",,100.0000,
8991689168049,"SWALLOW GB AGAR 7G ORANGE",,100.0000,
8991771200329,"VITACIMIN STRIP ISI 2",,100.0000,
8991906101019,"DJARUM SUPER 12",,100.0000,
8991906101057,"LA LIGHT MERAH",,100.0000,
8991991161332,"SENSODYNE FRESH MINT 100 GR",,100.0000,
8992112014018,"NEOZEP TABLET",,100.0000,
8992112025021,DECOLGEN,,100.0000,
8992222050302,"GATSBY TISSUE ISI 5LEMBAR",,100.0000,
8992222051606,"GATSBY STYLING WAX BRITISH",,100.0000,
8992222053129,"GATSBY STYLING WAX ULTIMATESHAGGY 7",,100.0000,
8992388112654,"ABC MIE CUP GRG SPC",,100.0000,
8992628510158,"PALMIA MARGARIN 200GR",,100.0000,
8992695724069,"SENSODYNE GENTLE WHITENING 100GR",,100.0000,
8992696416611,"FOX PASSION MINTS BAG 90GR",,100.0000,
8992696418936,"FOXS FRUITS CRYSTAL BAG 90GR",,100.0000,
8992696426481,"NESTLE CARNATION 370G",,100.0000,
8992696428263,"KOKO KRUNCH COMBO CUP",,100.0000,
8992696428287,"MILO CEREAL COMBO PACK 2016 GR X 40",,100.0000,
8992696428300,"HONEY STAR CUP 32GR",,100.0000,
8992702005945,"INDOMILK SUSU CAIR CHOCO BTL 190ML",,100.0000,
8992702005976,"INDOMILK SUSU CAIR STRAWBERRY 190ML",,100.0000,
8992716109172,"BISKUAT BOLU COKLAT",,100.0000,
8992725910202,"LISTERINE 250 ML** ORIGINAL",,100.0000,
8992725910332,"LISTERINE 250 ML** COOL MINT",,100.0000,
8992725910424,"LISTERINE 250 ML** FRESH",,100.0000,
8992725910561,"LISTERINE TEETHGUM DEFENSE 250 ML",,100.0000,
8992725910615,"LISTERINE MOUTHWASH CITRUS 250ML",,100.0000,
8992727001328,"BIORE BODY FOAM ANTISEPTIC REFILL 2",,100.0000,
8992727001700,"BIORE BODY FOAM PURE MILD POUCH 450",,100.0000,
8992727002592,"BIORE BODY FOAM RELAXING AROMATIC 4",,100.0000,
8992727002714,"LAURIER ACTIVE DAY SUPER MAXI 30S",,100.0000,
8992727003872,"BIORE BODY FOAM LIVELY REFRESH 250",,100.0000,
8992727005005,"BIORE BODY FOAM HYGIENIC COOL POUCH",,100.0000,
8992727005043,"BIORE BODY FOAM BRIGHT CARE REFILL",,100.0000,
8992727005128,"BIORE MENS FACIAL FOAM WHITE ENERGY",,100.0000,
8992727005142,"BIORE MENS FF ACNE DEFENSE 40GR",,100.0000,
8992735210019,"BAMBOE BUMBU INSTANT GULE",,100.0000,
8992735210033,"BAMBOE BUMBU INSTANT OPOR",,100.0000,
8992735210057,"BAMBOE BUMBU INSTANT RENDANG",,100.0000,
8992735210064,"BAMBOE BUMBU INSTANT SOTO AYAM",,100.0000,
8992735210095,"BAMBOE BUMBU INSTANT NASI GORENG",,100.0000,
8992735210149,"BAMBOE BUMBU INSTANT SEMUR",,100.0000,
8992735248692,"BAMBOE BUMBU INSTANT BUMBU BALADO",,100.0000,
8992736010168,"SASA TB PISANG GORENG 8G",,100.0000,
8992736025162,"SASA TEPUNG GORENG PISANG 225GR",,100.0000,
8992736225401,"SASA TP BAKWAN SPECIAL 250GR",,100.0000,
8992736290409,"SASA TB BAKWAN 80G",,100.0000,
8992736925134,"SASA TEPUNG BUMBU ORIGINAL 250GR",,100.0000,
8992736980133,"SASA TB ORIGINAL 80G",,100.0000,
8992736980140,"SASA TB ORIENTAL 80G",,100.0000,
8992736980157,"SASA TB HOT & SIPCY 80G",,100.0000,
8992736980164,"SASA TB AYAM KENTUCHKY 80G",,100.0000,
8992736990163,"SASA TEPUNG BUMBU KENTUCHKY 900GR",,100.0000,
8992745120421,"HIT AEROSOL GREEN TEA 600ML",,100.0000,
8992745120476,"HIT AEROSOL ORANGE 600 ML",,100.0000,
8992745120964,"HIT LEMON AEROSOL 600ML",,100.0000,
8992745140962,"HIT AEROSOL LILY BLOSSOM 600ML",,100.0000,
8992745320166,"STELLA AEROSOL LEMON 400ML",,100.0000,
8992745320173,"STELLA A THERAFY 400 ML JASMINE",,100.0000,
8992745320197,"STELLA A THERAPY APPLE 400ML",,100.0000,
8992745320241,"STELLA AEROSOL ORANGE 400ML",,100.0000,
8992745320289,"STELLA TP AR CAN 250ML APPLE",,100.0000,
8992745320296,"STELLA TP AR CAN 250ML JASMINE",,100.0000,
8992745320302,"STELLA TP AR CAN 250ML LEMON",,100.0000,
8992745320326,"STELLA TP AR CAN 250ML ORANGE",,100.0000,
8992745320692,"STELLA MATIC REFILL 225 ML FRS CLN",,100.0000,
8992745325420,"STELLA MATIC REFILL 225 GR LEMON",,100.0000,
8992745325437,"STELLA MATIC ORANGE REFILL 225 ML",,100.0000,
8992745325550,"STELLA MATIC WILD FLOWER REFILL 225",,100.0000,
8992745325949,"STELLA AC 80 GR** TROPICAL ORANGE",,100.0000,
8992745325963,"STELLA AC 80 GR** LEMON",,100.0000,
8992745326229,"STELLA MATIC GREEN REFILL 225ML",,100.0000,
8992745705307,"HIT AEROSOL POMEGRANATE 600ML",,100.0000,
8992752011033,"VIT BOTTLE WATER 600 ML`",,100.0000,
8992752111818,"MIZONE ACTIVE BTL 500ML",,100.0000,
8992752116233,"MIZONE APPLE GUAVA 500ML",,100.0000,
8992752118107,"MIZONE ORANGE LEMON 500ML",,100.0000,
8992752119104,"MIZONE LYCHEE LEMON 500ML",,100.0000,
8992752131090,"AQUA KIDS BOYS BTL 330ML",,100.0000,
8992753005970,"FRISIAN FLAG GOLD PUNCH 220GR",,100.0000,
8992753031900,"FRISIAN FLAG SACHET KENTAL MANIS 6S",,100.0000,
8992753100101,"BENDERA SKM PUTIH GOLD  375",,100.0000,
8992753101207,"BENDERA KENTAL MANIS CAN  375",,100.0000,
8992753102204,"BENDERA SUSU KENTAL MANIS CHOCO 375",,100.0000,
8992753102303,"FRISIAN FLAG SACHET COKELAT 6S",,100.0000,
8992759134117,"NICE TRAVEL 60S",,100.0000,
8992759174113,"JOLLY KILOAN 600GR",,100.0000,
8992759214093,"JOLLY TISSUE EMB10S",,100.0000,
8992759313529,"NICE SOFT PACK 250S",,100.0000,
8992759324105,"TOPLY 50SHT",,100.0000,
8992760121090,"OREO DOUBLE D LIGHT 137 GR",,100.0000,
8992761002015,"COCA COLA PET 390 ML`",,100.0000,
8992761002022,"SPRITE PET 390 ML`",,100.0000,
8992761002039,"FANTA STRAWBERRY 390 ML`",,100.0000,
8992761111014,"COCA COLA CAN 330 ML",,100.0000,
8992761111045,"FANTA STRAWBERRY CAN 330 ML",,100.0000,
8992761111144,"SCHWEPPES AIR SODA 330ML",,100.0000,
8992761111298,"COCACOLA ZERO 330ML",,100.0000,
8992761164539,"MINUTE MAID NUTRIBOOST ORANGE 300ML",,100.0000,
8992761164546,"MINUTE MAID NUTRIBOOST STW 300M",,100.0000,
8992761166113,"MINUTE MAID PULPY TROPICAL PET 350M",,100.0000,
8992761166199,"MINUTE MAID PULPY ALOEVERA 350ML",,100.0000,
8992770011091,"AJINOMOTO 250 GR",,100.0000,
8992770084064,"SAJIKU TEPUNG BUMBU 250 GR",,100.0000,
8992770096135,"SAORI SAUS TIRAM BOTOL 270 ML",,100.0000,
8992770096234,"SAORI SAUS TERIYAKI BOTOL 275ML",,100.0000,
8992772485012,"COOLANT 350ML",,100.0000,
8992772485029,"COOLANT STAR FRUIT 350ML",,100.0000,
8992772585026,"ADEM SARI 350ML",,100.0000,
8992772586016,"ADEM SARI CHING KU CAN 320 ML",,100.0000,
8992779139406,"GLADE 2 IN 1 ROOM FRESHNER WILD LV",,100.0000,
8992779140402,"GLADE 2 IN 1 ROOM FRESHNER LEMON 40",,100.0000,
8992779141409,"GLADE 2 IN 1 ROOM FRESHNER ORANGE 4",,100.0000,
8992780020182,"2 TANG BTL WATER 380ML`",,100.0000,
8992780030372,"2 TANG ZESTEA 500ML",,100.0000,
8992780030730,"TEH ZEGAR 330 ML",,100.0000,
8992780203639,"2 TANG BTL WATER 1,5LTR",,100.0000,
8992799140116,"BISOLVON TABLET",,100.0000,
8992821100026,"ROHTO COOL 7ML",,100.0000,
8992826111034,"FILMA MG BTL 1LT",,100.0000,
8992826112086,"KUNCI MAS GERIGEN 5LT",,100.0000,
8992843100301,"BETADINE 30ML",,100.0000,
8992843100608,"BETADINE 60ML",,100.0000,
8992843101902,"BETADINE M WASH 190",,100.0000,
8992858418316,"CEREBROVIT XCEL",,100.0000,
8992858527308,"FATIGON HYDRO ORIGINAL 250 ML",,100.0000,
8992858564006,"PROMAG GAZERO",,100.0000,
8992858623802,"ENTROSTOP 4'S",,100.0000,
8992858664706,"PROMAG TABLET",,100.0000,
8992858690200,"XONCE STRIP ISI 2",,100.0000,
8992870310100,"SALONPAS KOYO",,100.0000,
8992907110017,"SARI ROTI TAWAR SPECIAL",,100.0000,
8992907230012,"SARI ROTI ISI COKLAT",,100.0000,
8992907420017,"SARI ROTI KRIM COKLAT",,100.0000,
8992907440015,"SARI ROTI KRIM MOKA",,100.0000,
8992907710019,"SARI ROTI SOBEK COKLAT",,100.0000,
8992907720018,"SARI ROTI SOBEK COKLAT KEJU",,100.0000,
8992907730017,"SARI ROTI SOBEK COKLAT SARIKAYA",,100.0000,
8992907952037,"SARI ROTI ISI COKLAT KEJU",,100.0000,
8992907952143,"SARI ROTI KRIM KEJU",,100.0000,
8992907952327,"SARI ROTI SANDWICH COKLAT",,100.0000,
8992907952334,"SARI ROTI SANDWICH KEJU",,100.0000,
8992907952358,"SARI ROTI SANDWICH KACANG",,100.0000,
8992933211115,"NUTRIJELL JELLYPWDR STRWBERRY 15GR",,100.0000,
8992933215113,"NUTRIJELL JELLY POWDER PLAIN 15GR",,100.0000,
8992933651218,"LA PASTA CHESE BOLOGNESE 57GR",,100.0000,
8992933652215,"LA PASTA BARBEQUE 57GR",,100.0000,
8992936115045,"TONGTJI CELUP BLACK 25X2GR",,100.0000,
8992946511790,"Shinzui Soap 90Gr Reguler",,100.0000,
8992946512285,"Shinzui Soap 90 Gr Kirey",,100.0000,
8992946522253,"SHINZUI BODY CLEAN REF MYORI 200ML",,100.0000,
8992946522260,"SHINZUI BODY CLEAN REF SAKURA 200ML",,100.0000,
8992947834256,"MAYA SARDEN CABE 425GR",,100.0000,
8992984710117,"LADA PUTIH BUNGA 85GR",,100.0000,
8992984810114,"LADA PUTIH BUBUK KOEPOEPcsKOEPOE 85GR",,100.0000,
8992987001014,"MAYA SARDEN 155GR",,100.0000,
8993007001694,"INDOMILK SKM PUTIH SACHET 120 N  40",,100.0000,
8993007001700,"INDOMILK SKM COKLAT SACHET 120 N  4",,100.0000,
8993053175073,"LIVI FACIAL 600SHT",,100.0000,
8993053245080,"LVPcsPOP UP",,100.0000,
8993053315073,"LVPcsNAPKIN COCTAIL",,100.0000,
8993053435511,"LVPcsMFOLD TOWEL",,100.0000,
8993058304201,"BINTANG 7 MASUK ANGIN",,100.0000,
8993093105009,"SAGU GUNUNG 500GR",,100.0000,
8993093664759,"ROSE BRAND MINYK GORENG 5LT",,100.0000,
8993093665091,"SAGU TANI",,100.0000,
8993118936557,"BERAS MAKNYUS 5KG",,100.0000,
8993175531863,"NABATI KEJU",,100.0000,
8993175532297,"AHH TRIPLE CHEES 500",,100.0000,
8993175532457,"RICHEESE NBT WAFER CHEESE CRM",,100.0000,
8993189212141,"MAMY POKO PANTS STANDART L 30S",,100.0000,
8993189270338,"CHARM BODY FIT EXTRA MAXI WING 10S`",,100.0000,
8993189270345,"CHARM BODY FIT EXTRA MAXI WING 20S",,100.0000,
8993189270857,"MAMY POKO PANTS STANDART XXL 6S`",,100.0000,
8993189271656,"MAMY POKO PANTS STD M 30S",,100.0000,
8993189320934,"CHARM BODY FIT US WING NIGHT 10S",,100.0000,
8993242596955,"PAPER ONE A4 70 GREEN",,100.0000,
8993242596993,"PAPER ONE A4 80 BLUE",,100.0000,
8993242597587,"PAPER ONE F4 80 BLUE",,100.0000,
8993242597808,"PAPER ONE F4 70 GREEN",,100.0000,
8993296220004,"BOGASARI LENCANA MERAH ECO 1 KG",,100.0000,
8993296715012,"BOGASARI CAKRA KEMBAR PREMIUM 1KG",,100.0000,
8993338005033,"KOYO CABE PLASTER",,100.0000,
8993496001076,"Sania Myk Grg 2lt",,100.0000,
8993496001083,"SANIA MYK GRG 1LT",,100.0000,
8993496104012,"SANIA MG BTL 1LT",,100.0000,
8993496106504,"FORTUNE MYK GRG 1LTR",,100.0000,
8993560024154,"DETTOL BAR SOAP FRESH 110GR BANDED",,100.0000,
8993560024192,"DETTOL BAR SOAP COOL 110GR BANDED 5",,100.0000,
8993560024222,"DETTOL BAR SOAP SKIN CARE 110GR BAN",,100.0000,
8993560024451,"DETTOL BAR SOAP ORIGINAL 110GR BAND",,100.0000,
8993560025120,"DETTOL SOAP RE ENERGIZE 5X110GR",,100.0000,
8993560025250,"DETTOL SOAP LASTING FRESH 5X110GR`",,100.0000,
8993560026011,"DETTOL SHOWER FOAM 250ML* FRESH",,100.0000,
8993560026080,"DETTOL SHOWER 300 ML* SKINCARE",,100.0000,
8993560026103,"DETTOL SHOWER FOAM PINK POUCH 250ML",,100.0000,
8993560026714,"DETTOL RE ENERGIZE POUCH 250ML",,100.0000,
8993560026745,"DETTOL SHOWER RADIANDE BTL 300ML",,100.0000,
8993560027247,"DETTOL HAND SANITASER REFRESH 50 ML",,100.0000,
8993988065197,"JOYCO TRI CLIPS NO.3",,100.0000,
8993988111009,"JOYCO GLUE STICK 8G",,100.0000,
8993988282044,"JOYKO JELLY HITAM PEN100NT",,100.0000,
8993988282068,"JOYKO JELLY BIRU PEN100NT",,100.0000,
8993988286066,"JOYKO PENCIL PPcs88",,100.0000,
8994075230412,"MOMOGI ST KEJU 8G",,100.0000,
8994075230436,"MOMOGI ST COKLAT8G",,100.0000,
8994075230863,"MOMOGI ST CAPUCINO8G",,100.0000,
8994078021598,"HSH KESET MOTIF",,100.0000,
8994171101289,"LUWAK WHITE KOFFIE 10X20GR",,100.0000,
8994259100166,"BPcsFILE FC",,100.0000,
8994397000021,"LEM FOX 150GR",,100.0000,
8994573000807,"SANGOBION LEMBAR",,100.0000,
8994591010017,"CDR 4600ML",,100.0000,
8995068210305,"FAX PAPER ROLL",,100.0000,
8995078803078,"U MILD",,100.0000,
8995102702056,"MAMASUKA TEPUNG BUMBU KRISPI 1KG",,100.0000,
8995102800448,"SAFE CARE AROMATERAPHY",,100.0000,
8995163400342,"GULA PASIR SUS 1KG",,100.0000,
8995177102058,"GULAKU TEBU KUNING 1KG",,100.0000,
8995227500124,"LARUTAN PENYEGAR KAKI TIGA BTL 200M",,100.0000,
8995757234001,"SIDU DOUB FOLIO 10L",,100.0000,
8995858111010,"FATIGON SPIRIT",,100.0000,
8995858192620,"MIXAGRIP FLU & BATUK",,100.0000,
8995858899888,"FATIGON 4'S",,100.0000,
8995858999991,"MIXAGRIP FLU",,100.0000,
8996001302354,"ROMA MALKIST CRAC250G",,100.0000,
8996001302637,"ROMA MALKIST COKELAT 120GR",,100.0000,
8996001304051,"SLAI OLAI TWICE",,100.0000,
8996001304075,"ROMA SLAI OLAI TWICE ROLL STRWBERRY",,100.0000,
8996001304426,"ROMA SLAI OLAI STRAWBERRY ROLL128GR",,100.0000,
8996001304921,"SLAI OLAI NANAS",,100.0000,
8996001305003,"ROMA SARI GANDUM PEANUT 115GR",,100.0000,
8996001320051,"KOPIKO COFS0018 CANDY 150GR",,100.0000,
8996001326220,"KIS MINT CHERRY 125GR",,100.0000,
8996001326275,"KIS MINT GRAPE BAG 125GR",,100.0000,
8996001326404,"KIS MINT APPLE PEACH 125GR",,100.0000,
8996001326435,"KISS CHEWY MINT LEMON 97.5 GR",,100.0000,
8996001355855,"BENG BENG WHITE",,100.0000,
8996001440575,"ENERGEN JAGUNG 10X25GR",,100.0000,
8996001520291,"BAKMI MEWAH AYAM ASLI 110 GR",,100.0000,
8996001600146,"TEH PUCUK HARUM ORIGINAL 350ML",,100.0000,
8996001600207,"TEH PUCUK HRM 480",,100.0000,
8996001600221,"KOPIKO 78'C COFFE LATTE 240ML",,100.0000,
8996001600245,"Q GUAVA 350ML",,100.0000,
8996001600252,"PUCUK HARUM LESS SUGAR PET 350M",,100.0000,
8996001600269,"LE MINERALE BTL 600ML",,100.0000,
8996001600313,"KOPIKO 78'C CARAMEL 240ML",,100.0000,
8996006120014,"FRUIT TEA APPLE 200 ML",,100.0000,
8996006142511,"SOSRO TEH BOTOL KOTAK TP 250ML`",,100.0000,
8996006742025,"FRUIT TEA STRAWBERRY 200ML",,100.0000,
8996006742032,"FRUIT TEA GUAVA 200 ML",,100.0000,
8996006841018,"FRUIT TEA BLACKCURRANT 200ML",,100.0000,
8996006855145,"TEH BOTOL SOSRO 450ML",,100.0000,
8996006856869,"SOSRO TEH BOTOL KOTAK  TP 330ML",,100.0000,
8996006856876,"SPcsTEE BIG PACK 330ML",,100.0000,
8996196000257,"PIATOS BARBEQUE 50GR",,100.0000,
8996196000950,"PIATTOS RASA SAPI PANGGANG BAG 85GR",,100.0000,
8997009510017,"YOU C 1000 LEMON 140 ML`",,100.0000,
8997009510055,"YOU C 1000 ORANGE 140ML**`",,100.0000,
8997009510123,"YOU C ORANGE WATER 500",,100.0000,
8997011870031,"SUPER O2 SILVER 330ML",,100.0000,
8997013070019,"PILKITA 700MG ISI 2 TABLET",,100.0000,
8997019490019,"MILA TEPUNG TERIGU 1KG",,100.0000,
8997020367195,"DORONGAN AIR NGY",,100.0000,
8997020369021,"SIKAT NAGOYA",,100.0000,
8997021870014,"FRESHCARE MYK AROMATHERAPY",,100.0000,
8997021870052,"FRESHCARE MYK GREEN TEA",,100.0000,
8997021870090,"FRESHCARE MYK LAVENDER",,100.0000,
8997021870137,"FRESHCARE MYK  SPLASH FRUITY",,100.0000,
8997035111110,"POCARI SWEAT CAN 330ML`",,100.0000,
8997035563544,"POCARI SWEAT PET 350ML`",,100.0000,
8997209190002,"MAWAR JAYA GULA PASIR 1KG",,100.0000,
8998009010224,"ULTRA SLIM PLAIN T/P 250 ML",,100.0000,
8998009010231,"ULTRA MILK SLIM CHOCO T/P 250 ML",,100.0000,
8998009010590,"ULTRA MILK CHOHO 125ML",,100.0000,
8998009010613,"ULTRA MILK PLAIN T/P 1 LT",,100.0000,
8998009010620,"ULTRA MILK CHOCO T/P 1 LT",,100.0000,
8998009020186,"BUAVITA GUAVA 250ML",,100.0000,
8998009020193,"BUAVITA MANGGO 250ML",,100.0000,
8998009030031,"ULTRA SARI ASEM  250 ML`",,100.0000,
8998009040023,"ULTRA TEH KOTAK 200ML",,100.0000,
8998009050053,"ULTRA SARI KACANG HIJAU 250ML",,100.0000,
8998225800043,"Fortune Myk Grg 2lt",,100.0000,
8998667100046,FEMINAX,,100.0000,
8998667100084,KONIDIN,,100.0000,
8998667100169,"NEO NAPACIN",,100.0000,
8998667100206,PARAMEX,,100.0000,
8998667100732,"INZA 4S",,100.0000,
8998667400559,"BRAITO TETES MATA",,100.0000,
8998838050002,"KENKO CORRECTION PEN KEPcs01",,100.0000,
8998838060018,"KENKO WCUTTER LPcs500",,100.0000,
8998838060032,"KENKO HCUTTER APcs300",,100.0000,
8998838350904,"KENKO PUNCH NO.30DL",,100.0000,
8998838358078,"PENGGARIS BESI 30CM",,100.0000,
8998866100601,"EMERON SHP HAIRFALL CONTROL 170 ML",,100.0000,
8998866100649,"EMERON SHP SOFT  SMOOTH 170 ML",,100.0000,
8998866102483,"CIPTADENT TOOTH BRUSH 3S DOUBLE ACT",,100.0000,
8998866102506,"CIPTADENT TOOTH BRUSH MEDIUM 3S",,100.0000,
8998866102636,"ZACT TOOTH PASTE 150 GR",,100.0000,
8998866103121,"EMERON SHP ANTIDANDRUFF COTROL 170",,100.0000,
8998866103282,"EMERON SHP DAMAGE CONTROL 170 ML",,100.0000,
8998866104104,"EMERON SHP NATURE SHINE 170 ML",,100.0000,
8998866105736,"ZINC SHP HAIR FALL TREATMENT 170ML",,100.0000,
8998866105743,"ZINC SHP RE FRESHING COOL 170ML`",,100.0000,
8998866105781,"ZINC SHP BLACK & SHINE 170ML",,100.0000,
8998866105989,"SYSTEMA TP MENTHOL BREEZE 190GR",,100.0000,
8998866105996,"SYSTEMA TP SPRING FRESH 190GR",,100.0000,
8998866106375,"ZINC MEN SHP ACTIVE COOL 170ML",,100.0000,
8998866106382,"ZINC MEN SHP ANTI HAIR FALL 170ML",,100.0000,
8998866200301,"SEDAAP MIE GORENG 90 GR",,100.0000,
8998866201346,"SEDAAP MIE WHITE CURRY 81GR",,100.0000,
8998866500708,"FLORIDINA ORANGE JUICE 360 ML",,100.0000,
8998866501033,"SEDAAP MINYAK GORENG 2LTR",,100.0000,
8998866600101,"EKONOMI LEMON CREL900 540GR",,100.0000,
8998866602389,"GIV SOAP PURPLE 85 GR",,100.0000,
8998866602969,"NUVO REFILL POUCH 250ML* GENTLE",,100.0000,
8998866602976,"NUVO REFILL POUCH 250ML* BALANCE",,100.0000,
8998866602983,"NUVO REFILL POUCH 250ML* ACTIVE",,100.0000,
8998866602990,"NUVO REFILL POUCH 250ML* GOLD",,100.0000,
8998866603539,"SO KLIN PL LAVENDER 800M",,100.0000,
8998866603683,"FRESH NATURAL BAR SOAP 4 X 70 GR",,100.0000,
8998866607353,"DAIA POWDER DETERGENT WHITE",,100.0000,
8998866608084,"SEDAAP KECAP MANIS REFILL 600 ML",,100.0000,
8998866608329,"EKONOMI PUTIH CREAM DETERGENT900 54",,100.0000,
8998866608602,"GIV PEARL WHITE BEAUTY BAR SOAP 80",,100.0000,
8998866609142,"GIV SOAP MULBERRY SILK 80GR",,100.0000,
8998866610087,"JAVANA TEH MELATI BOTTLE 350 ML",,100.0000,
8998866610223,"DAIA SOFTERGENT VIOLET 900GR",,100.0000,
8998866610377,"ISOPLUS BTL 350ML",,100.0000,
8998866671736,"EKONOMI CREAM E900 540GR",,100.0000,
8998866679602,"SO KLIN PL APPLE 800ML",,100.0000,
8998866679633,"SO KLIN FLOOR CLEANER P 800 ML**",,100.0000,
8998866679664,"SO KLIN PL LEMON 800ML",,100.0000,
8998866800143,"FRESH NATURAL BAR SOAP 4 X 70 GR",,100.0000,
8998866800167,"FRESH NATURAL BAR SOAP 4 X 70 GR",,100.0000,
8998866888653,"GIV SOAP BROWN 85 GR",,100.0000,
8998888461117,"MAESTRO MAYONNAISE SACHET 100GR",,100.0000,
8998888710116,"DM TOMAT BTL 340GR",,100.0000,
8998888710215,"DM SAMBAL BOTOL340",,100.0000,
8998888710505,"DELMONTE CHIL EX HOT 24X9G",,100.0000,
8998889277205,"SIKAT TORINA",,100.0000,
8998889321199,"DORONGAN AIR NGT",,100.0000,
8998898101409,"TOLAK ANGIN CAIR",,100.0000,
8998898151404,"TOLAK ANGIN ANAK CAIR",,100.0000,
8998898830125,"KUKUBIMA ENERGI RASA ANGGUR 4,5GR",,100.0000,
8998898831122,"KUKUBIMA ENERGI RASA JAMBU 4,5GR",,100.0000,
8998898845129,"KUKUBIMA ENERGI RASA KOPI 4,5GR",,100.0000,
8998899400358,"BAYGON AEROSOL LAVENDER 275 ML",,100.0000,
8998899400372,"BAYGON WATERBASE AEROSOL 275ml",,100.0000,
8998989100120,"GUDANG GARAM FILTER MERAH",,100.0000,
8999510603004,"ZODA 250ML BTL",,100.0000,
8999510785212,"ROOT BEER 330ML",,100.0000,
8999510933002,"ZODA LEMON CAN 330ML",,100.0000,
8999510940000,"ZODA STRWBERRY CAN 330ML",,100.0000,
8999777000172,"NIVEA FOR MEN FACIAL FOAM OIL CTRL",,100.0000,
8999777005375,"HANSAPLAST KOMPRES DEMAM",,100.0000,
8999777090579,"HANSAPLAST SC",,100.0000,
8999777806958,"NIVEA SOAP 100 GR* NORMAL",,100.0000,
8999777888374,"NIVEA FOR MEN WHITE FAC FOAM OC 50M",,100.0000,
8999898962533,"DIAMON MILK UHT FULL CREAM 1000ML",,100.0000,
8999898962540,"DIAMOND MILK UHT FULL CREAM 200ML T",,100.0000,
8999898962564,"DIAMOND MILK UHT CHOCO 200ML T/P",,100.0000,
8999898962571,"DIAMOND MILK UHT STRAWBERRY 200ML T",,100.0000,
8999898968474,"DIAMOND UHT LOW FAT HI CAL 200ML",,100.0000,
8999908000101,"NEO RHEUMACYL 20 S",,100.0000,
8999908071408,"NEO RHEUMACYL NEURO",,100.0000,
8999908071903,"BODREX MIGRA",,100.0000,
8999908205506,"HEMAVITON CAPSUL",,100.0000,
8999908285003,"BODREX EXTRA",,100.0000,
8999909028234,"DJI SAM SOE KRETEK 234",,100.0000,
8999909096004,"SAMPOERNA MILD16",,100.0000,
8999979018470,"SIKAT WC O",,100.0000,
8999979018517,"SIKAT LION STAR",,100.0000,
8999988887111,"SINDE LARUTAN PENYEGAR LEMON CAN",,100.0000,
8999988888835,"LARUTAN PENYEGAR CAP BADAK MELONCAN",,100.0000,
8999988888859,"LARUTAN PENYEGAR KLG ANGGUR 320ML",,100.0000,
8999999001131,"LIFEBUOY BW  ACTIVEFRESH BTL 300ML",,100.0000,
8999999001148,"LIFEBUOY BW NATURALPURE BTL 300ML",,100.0000,
8999999001155,"LIFEBUOY BW TOTAL PROTECT BTL 300ML",,100.0000,
8999999001162,"LIFEBUOY BW MILDCARE BTL 300ML",,100.0000,
8999999001186,"LIFEBUOY BW NATURE PURE REFF 450ML",,100.0000,
8999999001193,"LIFEBUOY BW TOTAL PROTECT REFF 450M",,100.0000,
8999999001209,"LIFEBUOY BW MILD CARE REFF 450ML",,100.0000,
8999999001216,"LIFEBUOY BW ACTIVFRESH BTL 100ML",,100.0000,
8999999001223,"LIFEBUOY BW NATUREPURE BTL 100ML",,100.0000,
8999999001230,"LIFEBUOY BW TOTALPROTECT BTL 100ML",,100.0000,
8999999001247,"LIFEBUOY BW MILDCARE BTL 100ML",,100.0000,
8999999001988,"VASELINE MEN FACIAL FOAM OIL CTRL10",,100.0000,
8999999003074,"VASELINE INTENSIVE CARE",,100.0000,
8999999003661,"CITRA HAND  BODY LST GLOW 120ML",,100.0000,
8999999003685,"CITRA HAND  BODY FRESH RADIANCE 120",,100.0000,
8999999003708,"CITRA NATURAL WHITE UV 120ML",,100.0000,
8999999005481,"LIFEBUOY BW ORANGE REF 450ML",,100.0000,
8999999005580,"DOVE ROLL ON ORIGINAL 40 ML",,100.0000,
8999999008482,"CLOSE UP FIRE FREEZE 160GR",,100.0000,
8999999008499,"CLOSE UP FIRE FREEZE 65GR",,100.0000,
8999999008505,"PEPSODENT TP SENSITIVE EXPERT 100GR",,100.0000,
8999999020019,"VASELINE HBL ALOE FRESH 100ML",,100.0000,
8999999024000,"CITRA LULUR SPOTLESS WHITE BTL 220M",,100.0000,
8999999026370,"DOVE WHITE BEAUTY BAR SEA 90GR",,100.0000,
8999999027247,"LIFEBUOY BW LEMON FRESH BTL 300ML",,100.0000,
8999999027254,"LIFEBUOY BW LEMON FRESH BTL 100ML",,100.0000,
8999999027261,"LIFEBUOY BW LEMON FRESH REF 450ML",,100.0000,
8999999027865,"DOVE DEO ULTIMATE WHITE 40ML",,100.0000,
8999999029579,"CLEAR SHP MEN ICE COOL MNTOL 170 ML",,100.0000,
8999999029715,"CLEAR SHP HAIRFALL DEFENS 170ML",,100.0000,
8999999029746,"CLEAR SHP MAN HAIR FALL 170 ML",,100.0000,
8999999030186,"PEPSODENT TP ACTION 123 190GR",,100.0000,
8999999030582,"DOVE BW GO FRESH NOURISHING BTL 200",,100.0000,
8999999030636,"DOVE BW GO FRESH NOURISHING POUCH 2",,100.0000,
8999999030933,"LUX BW GREEN FRESH REF 250ML",,100.0000,
8999999031107,"LUX TS FRESH SPLASH 85 GR",,100.0000,
8999999032395,"PEPSODENT MOUTHWASH SENS EXPERT 150",,100.0000,
8999999032401,"PEPSODENT MOUTHWASH WHITE NOW 150ML",,100.0000,
8999999032425,"PEPSODENT MOUTHWASH HERBAL NAT 150M",,100.0000,
8999999033125,"LIFEBUOY SHP HAIRFALL 70ML",,100.0000,
8999999033132,"LIFEBUOY SHP HAIRFALL 170ML",,100.0000,
8999999033163,"LIFEBUOY SHP STRONG SHINY 70ML",,100.0000,
8999999033170,"LIFEBUOY SHP STRONG SHINY 170ML",,100.0000,
8999999033217,"LIFEBUOY SHP ANTI DANDRUFF 180 ML",,100.0000,
8999999034153,"BLUE BAND SACHT 200GR",,100.0000,
8999999034160,"BLUE BAND SRB GN CUP 250GR",,100.0000,
8999999034351,"ROYCO BUMBU PELEZAT R SAPI 240GR",,100.0000,
8999999034368,"ROYCO BUMBU PELEZAT R AYAM 240GR",,100.0000,
8999999034689,"PONDS MEN ENERGY CHARGE FACE SCRUB",,100.0000,
8999999035822,"CLEAR MEN DEEP CLEANSE 80 ML",,100.0000,
8999999036607,"LUX TS SOFT TOUCH 85GR",,100.0000,
8999999036638,"LUX TS WHITE VELVET 85 GR",,100.0000,
8999999036676,"LUX TS AQUA SPARKLE 85GR",,100.0000,
8999999036690,"LUX TS MAGICAL SPELL 85GR",,100.0000,
8999999036898,"LUX BW PINK SOFT REF 250ML",,100.0000,
8999999036904,"LUX BW WHITE VELVET REF 250ML",,100.0000,
8999999036911,"LUX BW BLUE AQUA REF250ML",,100.0000,
8999999036942,"LUX BW PURPLE MAGIC REFF250ML",,100.0000,
8999999037857,"VASELINE MEN SERUM SPF 30 CREAM 15G",,100.0000,
8999999038137,"BUAVITA SIRSAK 250ML",,100.0000,
8999999038830,"CLEAR SHP ADD SUPERFRESH APPLE 170M",,100.0000,
8999999039103,"DOVE SHP DAILY SHINE 70ML",,100.0000,
8999999040802,"CITRA HBL JPN WAKAME GEL LOT 120ML",,100.0000,
8999999041168,"DOVE SHP DAILY SHINE 70ML",,100.0000,
8999999041267,"DOVE SHP NOURISHING OIL CARE 70ML",,100.0000,
8999999041656,"PONDS MEN FC POLLUTION OUT 100GR",,100.0000,
8999999041663,"PONDS MEN FC POLLUTION OUT 50GR",,100.0000,
8999999043285,"PEPSODENT TB DOUBLE CARE ULTRA SENS",,100.0000,
8999999043667,"LUX WHITE IMPRESS 85GR",,100.0000,
8999999043681,"LUX BW WHITE IMPRESS REFF 24X250ML",,100.0000,
8999999043759,"CLEAR SHP HERBAL FUSION 80ML",,100.0000,
8999999043773,"CLEAR SHAMPOO HAIRFALL DEFENS 80ML",,100.0000,
8999999043780,"CLEAR SHAMPOO COMP SOFT CARE 80 ML",,100.0000,
8999999043797,"CLEAR SHAMPOO ICE COOL 80 ML",,100.0000,
8999999045562,"VASELINE INTENSV CARE ADV STRENGTH",,100.0000,
8999999045913,"LIFEBUOY TS MILDCARE 24X(4X110G)",,100.0000,
8999999046989,"LIFEBUOY TS MILDCARE 4X60GR",,100.0000,
8999999046996,"LIFEBUOY TS TOTAL 4X60GR",,100.0000,
8999999047092,"REXONA RO MEN ANTIBACTERIAL 50ML",,100.0000,
8999999048181,"SUNSILK SHP BLK SHINE SD 170ML",,100.0000,
8999999048266,"SUNSILK SHP SOFT&SMTH SD 170ML",,100.0000,
8999999048525,"SUNSILK HIJAB AD 170ML",,100.0000,
8999999049393,"REXONA MEN RO ADVENTURE ID RL 50ML",,100.0000,
8999999049409,"REXONA MEN RO ICE COOL RL 50ML",,100.0000,
8999999049416,"REXONA MEN ROLL QUANTUM RL 50ML",,100.0000,
8999999049423,"REXONA MEN RO SPORT DEFENCE RL 50ML",,100.0000,
8999999049430,"REXONA MEN RO FERRARI V8 RL 50ML",,100.0000,
8999999049454,"REXONA WMN RO FREE SPIRIT RL 50ML",,100.0000,
8999999049478,"REXONA WMN RO NATURALS RL 50ML",,100.0000,
8999999049492,"REXONA WMN ROLL ON POWDER DRY RL 50",,100.0000,
8999999049669,"REXONA MEN RO INVISIBLE DRY RL 50ML",,100.0000,
8999999057046,"PONDS MEN SUN DULLNESS FIGT ICY GEL",,100.0000,
8999999100506,"BANGO KECAP MANIS REFILL 600 ML",,100.0000,
8999999195649,"SARIWANGI TB ASLI 1.9GR X 25",,100.0000,
8999999390198,"SUNLIGHT  JERK NIPIS 780ML",,100.0000,
8999999407919,"WIPOL 800ML",,100.0000,
8999999500399,"LUX TS WHITE IMPRESS 85GR",,100.0000,
8999999500535,"CITRA LULUR PEARLY WHITE BTL 220ML",,100.0000,
8999999500542,"CITRA LULUR NATURAL WHITE BTL 220ML",,100.0000,
8999999706081,"PEPSODENT TP WHITE 75 GR",,100.0000,
8999999706173,"PEPSODENT TP WHITE 120 GR",,100.0000,
8999999707781,"PEPSODENT TP PLUS WHITENING190GR",,100.0000,
8999999707835,"CLOSE UP DEEP ACTION 65G",,100.0000,
8999999710873,"PEPSODENT TP HERBAL 120GR",,100.0000,
8999999710880,"PEPSODENT TP HERBAL 75 GR",,100.0000,
8999999715588,"PEPSODENT TP CENTRE FRESH 160 GR",,100.0000,
8999999719081,"VASELINE LOT HEALTY SUN BLOCK 100ML",,100.0000,
8999999719395,"VASELINE LOTION HEALTHY WHITE 100ML",,100.0000,
8999999720940,"CLEAR STYLING CREAM 100 GR",,100.0000,
9.31193E+12,"INDOCAFE COFS0018 MIX 10 X 20 GR",,100.0000,
9.556E+12,"NESCAFE MOCHA CAN 240ML",,100.0000,
9311931024036,"INDOCAFE COFS0018 MIX 10 X 20 GR",,100.0000,
9556001025272,"NESCAFE LATTE CAN 240 ML",,100.0000,
9556001051509,"MILO ACTIGENPcsE RTD HI CAL CAN 240ML",,100.0000,
9556001054005,"NESCAFE MOCHA CAN 240ML",,100.0000,
9556111621517,"DETTOL SHOWER FOAM SENSITIVE SKIN 3",,100.0000,
9556156003385,"YEOS CINCAU 300ML",,100.0000,
9726228029685,"CLEAR COMPLATE SOFTCARE SHAMPO",,100.0000,
9E+12,"SARIWANGI TB ASLI 1.9GR X 25",,100.0000,
AMPLOPA4,"AMPLOP NEURO A4",,100.0000,
aquagelas,"AQUA GELAS 1 DUS",,100.0000,
HANSAPLAST,Hansaplast,,100.0000,
LAKBAN6500,"LAKBAN BENING DMR 1",,100.0000,
LAKBANCOKLAT,"LAKBAN COKLAT BESAR DAIMARU",,100.0000,
MAPKABITA,"MAP KABIN",,100.0000,
mapkancing,"MAP KANCING",,100.0000,
paseotravel,"PASEO TRVL 50SHT",,100.0000,
pengkishinpo,"PENGKI SHINPO",,100.0000,
SAPUDRAGON,"SAPU DRAGON",,100.0000,
SIKATDRAGON,"SIKAT DRAGON",,100.0000,
sikatsepatu,"SIKAT SEPATU",,100.0000,
